GU Position,UAV Position,State,UAV Connections,GU Capacity
"((8.13153054754615, 65.44710662213409, 0.0), (89.86223383289709, 9.528287842174215, 0.0), (13.221221582447148, 74.30465455657131, 0.0), (68.10004396822391, 35.402594833241686, 0.0), (60.86857686670207, 27.127933454172425, 0.0), (151.63761811050432, 101.29799035578768, 0.0), (24.602350172582113, 95.56407988876572, 0.0), (59.890812459948194, 19.689399730654504, 0.0), (146.8770530707517, 29.699656475516903, 0.0), (3.401681104968223, 76.72533748912477, 0.0), (21.149984754699183, 67.91568106410455, 0.0), (5.474480785641168, 14.148629662664513, 0.0), (12.509025809783216, 4.942331093119561, 0.0), (10.096854149445253, 2.1162233880680272, 0.0))","((135, 10, 50), (10, 10, 50), (80, 20, 50), (5, 45, 50), (10, 45, 50))",000001111110011111110,"{0: [4], 1: [2], 2: [4], 3: [2], 4: [2], 5: [0], 6: [4], 7: [2], 8: [0], 9: [3], 10: [4], 11: [1], 12: [1], 13: [1]}","{0: 4216686631.3627496, 1: 4216686631.3627496, 2: 4216686631.3627496, 3: 4216686631.3627496, 4: 4216686631.3627496, 5: 3024573186.5269876, 6: 4216686631.3627496, 7: 4216686631.3627496, 8: 3024573186.5269876, 9: 4216686631.3627496, 10: 4216686631.3627496, 11: 4216686631.3627496, 12: 4216686631.3627496, 13: 4216686631.3627496}"
"((18.455365725966693, 91.9244185074786, 0.0), (114.03899082602497, 1.191800957371088, 0.0), (27.409573357223728, 69.80580528956261, 0.0), (83.1202614023972, 36.9994179421021, 0.0), (75.65843024070638, 35.491162974046055, 0.0), (146.6928080583695, 79.80805107818512, 0.0), (14.07578347411438, 88.92602090815356, 0.0), (47.91847840213377, 27.118940589010407, 0.0), (128.3524244945465, 22.124273838639514, 0.0), (0.08302451100508046, 69.38437518715376, 0.0), (2.360221752108359, 53.25707451810666, 0.0), (32.443967648581115, 27.10226940072646, 0.0), (23.42770664198479, 19.53805741103202, 0.0))","((135, 10, 50), (0, 45, 50), (10, 45, 50), (80, 30, 50), (25, 30, 50))",000111001110111110111,"{0: [2], 1: [0], 2: [2], 3: [3], 4: [3], 5: [0], 6: [2], 7: [4], 8: [0], 9: [1], 10: [1], 11: [4], 12: [4]}","{0: 4177618344.873082, 1: 5935673055.798822, 2: 4177618344.873082, 3: 4177618344.873082, 4: 4177618344.873082, 5: 4654653005.005974, 6: 4177618344.873082, 7: 4177618344.873082, 8: 6097972439.071347, 9: 4177618344.873082, 10: 4177618344.873082, 11: 4177618344.873082, 12: 4177618344.873082}"
"((19.874731517503147, 115.92020869821688, 0.0), (130.49370746494964, 5.748198606156468, 0.0), (26.947729385827923, 62.42991590194664, 0.0), (83.33781715210927, 36.820055881035486, 0.0), (58.43629680213228, 27.071371774731126, 0.0), (157.0978636175713, 91.04674141080862, 0.0), (16.296114357295306, 81.308793631815, 0.0), (52.34915751769283, 31.942450789920358, 0.0), (136.25342555525737, 19.540676687227457, 0.0), (11.917110678437119, 68.08665725673941, 0.0), (0.2858809298352125, 34.14785283445019, 0.0), (37.138877977103846, 52.511381483032096, 0.0), (27.690334297454008, 12.46248510361757, 0.0), (0.22191807138437775, 0.07498318904929395, 0.0))","((135, 20, 55), (15, 5, 50), (25, 40, 50), (10, 45, 50), (5, 45, 50))",000111001110111111111,"{0: [3], 1: [0], 2: [2], 3: [2], 4: [2], 5: [0], 6: [3], 7: [2], 8: [0], 9: [3], 10: [4], 11: [2], 12: [1], 13: [1]}","{0: 3848570466.0620465, 1: 5830831862.121933, 2: 3848570466.0620465, 3: 3848570466.0620465, 4: 3848570466.0620465, 5: 4473666481.838048, 6: 3848570466.0620465, 7: 3848570466.0620465, 8: 5931055046.543081, 9: 3848570466.0620465, 10: 3848570466.0620465, 11: 3848570466.0620465, 12: 3848570466.0620465, 13: 3848570466.0620465}"
"((19.052589952792992, 116.23831649322806, 0.0), (130.84980527875078, 19.994617336398804, 0.0), (36.92007989815869, 65.58296967927932, 0.0), (83.56536918393437, 57.61509206835518, 0.0), (42.49836019947439, 16.76356417835526, 0.0), (144.3329057131765, 94.01603730115234, 0.0), (0.4249721169516505, 56.6395481833172, 0.0), (53.7825092644269, 12.279639019999504, 0.0), (127.2990155838244, 21.99998708954553, 0.0), (20.60340582809541, 68.31842181639163, 0.0), (0.6657580069335984, 34.136759472001295, 0.0), (52.31132760612373, 32.68555507577131, 0.0))","((145, 100, 55), (10, 75, 50), (190, 110, 55), (195, 110, 55), (60, 15, 50))",111111000010011011101,"{0: [1], 1: [4], 2: [1], 3: [4], 4: [4], 5: [0], 6: [1], 7: [4], 8: [4], 9: [1], 10: [1], 11: [4]}","{0: 4508061092.611221, 1: 3760120447.813518, 2: 4508061092.611221, 3: 3760120447.813518, 4: 3760120447.813518, 5: 4298542130.881726, 6: 4508061092.611221, 7: 3760120447.813518, 8: 3760120447.813518, 9: 4508061092.611221, 10: 4508061092.611221, 11: 3760120447.813518}"
"((32.329989637723685, 89.39838742992565, 0.0), (133.63642747866828, 19.83990012434183, 0.0), (18.960636881872002, 64.97185244699601, 0.0), (81.79192012759461, 59.25582459967282, 0.0), (44.49906047133833, 9.44489268000524, 0.0), (148.99119653543744, 105.14145273126532, 0.0), (23.8437633105461, 73.33967296269216, 0.0), (33.800499675878996, 1.2393381522238744, 0.0), (118.15525499386214, 32.038492414256346, 0.0), (18.010880137782344, 41.113408088955, 0.0), (1.1340425124134104, 34.75965478920044, 0.0), (52.324143205173726, 31.983176691437535, 0.0), (22.97169670175902, 15.986949583074733, 0.0), (0.5355485865970095, 2.441297531283619, 0.0))","((140, 0, 50), (10, 35, 50), (10, 45, 50), (25, 30, 50), (0, 0, 50))",000111001110111111111,"{0: [2], 1: [0], 2: [2], 3: [0], 4: [3], 5: [0], 6: [2], 7: [3], 8: [0], 9: [2], 10: [1], 11: [3], 12: [3], 13: [4]}","{0: 3828909131.659402, 1: 5975189500.5036745, 2: 3828909131.659402, 3: 4345210170.832866, 4: 3828909131.659402, 5: 3840120937.7346773, 6: 3828909131.659402, 7: 3828909131.659402, 8: 5535132484.597153, 9: 3828909131.659402, 10: 3828909131.659402, 11: 3828909131.659402, 12: 3828909131.659402, 13: 3828909131.659402}"
"((32.689921881091216, 106.11145326249297, 0.0), (123.9251830143115, 10.165389868310559, 0.0), (32.74434189407501, 55.94944477080088, 0.0), (87.6586404499698, 84.46989669707774, 0.0), (23.52812939175899, 13.634371870066978, 0.0), (151.6961954747221, 75.49830665341689, 0.0), (4.54865048495229, 62.09882346973419, 0.0), (49.843960131051055, 8.229061041206648, 0.0), (117.78874043155535, 23.970563649267028, 0.0), (2.1786095985966707, 19.914257661746472, 0.0), (7.146962071954689, 59.23220264146773, 0.0), (51.028864992511316, 20.72639274666157, 0.0))","((15, 45, 50), (120, 15, 50), (135, 10, 50), (80, 15, 50), (15, 20, 50))",010011100111111011100,"{0: [0], 1: [1], 2: [0], 3: [3], 4: [4], 5: [2], 6: [0], 7: [3], 8: [1], 9: [4], 10: [0], 11: [3]}","{0: 3876117513.087325, 1: 6180886802.773662, 2: 3876117513.087325, 3: 4677945548.090485, 4: 3757814786.2712655, 5: 4738612318.473845, 6: 3876117513.087325, 7: 5743400332.394325, 8: 6155021722.464426, 9: 3757814786.2712655, 10: 3876117513.087325, 11: 5777880002.245747}"
"((53.1254911526233, 118.24546746971335, 0.0), (125.35830709525182, 14.60777307448171, 0.0), (28.531915618446135, 32.87785783835667, 0.0), (76.25195661967987, 81.06547375363391, 0.0), (19.745129168752104, 29.47844778269885, 0.0), (152.33860034117396, 76.40534441164954, 0.0), (10.78308677876354, 65.17304653847721, 0.0), (56.95461687865207, 13.230454474538437, 0.0), (128.7996613477553, 28.463901777982876, 0.0), (5.58404948502697, 2.1694195401600425, 0.0), (6.458168560620047, 57.916557689895555, 0.0))","((125, 135, 50), (95, 45, 50), (85, 0, 50), (80, 15, 55), (80, 20, 50))",001011010111011111111,"{0: [0], 1: [2], 2: [4], 3: [1], 4: [4], 5: [0], 6: [2], 7: [4], 8: [1], 9: [4], 10: [3]}","{0: 4576422869.899886, 1: 4455439223.433274, 2: 4455439223.433274, 3: 4455439223.433274, 4: 4455439223.433274, 5: 4817099810.616975, 6: 3983815095.1557856, 7: 4455439223.433274, 8: 4455439223.433274, 9: 4455439223.433274, 10: 4223283398.182363}"
"((48.1808064278529, 112.34381023556492, 0.0), (110.97094887259826, 32.96562304817654, 0.0), (31.634069934871594, 35.94025273548945, 0.0), (81.41647474154709, 93.844458773196, 0.0), (13.304635742883434, 32.92388970737997, 0.0), (159.6036407900145, 48.95933124469202, 0.0), (8.33579916577116, 68.53931598966756, 0.0), (62.888464953634255, 32.04984731379085, 0.0), (131.94065896888975, 28.704704711326496, 0.0), (13.022487908384843, 4.521313399170901, 0.0))","((80, 30, 50), (10, 35, 50), (15, 45, 50), (135, 20, 55), (110, 25, 50))",000111001110111110111,"{0: [2], 1: [4], 2: [2], 3: [0], 4: [1], 5: [3], 6: [2], 7: [0], 8: [4], 9: [1]}","{0: 4341484386.673981, 1: 6166605211.787585, 2: 4341484386.673981, 3: 4838644267.0193615, 4: 4246781228.6863484, 5: 5380116455.015057, 6: 4341484386.673981, 7: 6043160085.629978, 8: 5945979922.683551, 9: 4246781228.6863484}"
"((76.6249776702543, 120.47911083367191, 0.0), (121.80012966468455, 31.131039953094565, 0.0), (32.34531974701237, 36.82707125609189, 0.0), (79.38843202388071, 87.98175695542409, 0.0), (15.099011183375374, 52.47513669644398, 0.0), (187.53924357765013, 40.60929408225556, 0.0), (11.583213545695525, 81.39719807925287, 0.0), (63.01149116534377, 32.821589751960325, 0.0))","((135, 10, 50), (15, 45, 50), (25, 35, 50), (85, 30, 50), (80, 30, 55))",010001100111111011101,"{0: [3], 1: [0], 2: [2], 3: [3], 4: [1], 5: [0], 6: [1], 7: [3]}","{0: 4160844828.9243565, 1: 3933087208.0043993, 2: 4309145927.42865, 3: 4309145927.42865, 4: 4309145927.42865, 5: 3933087208.0043993, 6: 4309145927.42865, 7: 4309145927.42865}"
"((70.83328747371246, 123.22956820123473, 0.0), (129.01695323257968, 26.478662763930473, 0.0), (17.86013406235422, 23.39669649032581, 0.0), (88.6526137755608, 78.17932365395893, 0.0), (10.73324978067245, 50.44108485685169, 0.0), (168.85329480060622, 40.7492774306341, 0.0), (22.695024466537568, 83.28588612468454, 0.0), (60.72919045628842, 11.406091347960558, 0.0), (21.1379205398659, 1.4677013048203649, 0.0))","((80, 25, 50), (20, 15, 50), (20, 40, 50), (120, 35, 50), (85, 35, 50))",001011010111010111110,"{0: [4], 1: [3], 2: [1], 3: [4], 4: [2], 5: [3], 6: [2], 7: [0], 8: [1]}","{0: 4195683636.8235397, 1: 5386110207.073731, 2: 4206808407.7914777, 3: 5386110207.073731, 4: 4256969879.9963655, 5: 5244982292.9719095, 6: 4256969879.9963655, 7: 5386110207.073731, 8: 4206808407.7914777}"
"((64.6594632087161, 123.12348549207475, 0.0), (123.2841201109725, 29.38954062630378, 0.0), (18.591010731577413, 25.19223759135143, 0.0), (116.86643482453047, 86.82564675473711, 0.0), (23.571041849004814, 45.39374704426363, 0.0), (177.18193828794423, 46.84018643715015, 0.0), (14.114206626578124, 64.44402038059688, 0.0), (82.5617153832828, 16.764590087580046, 0.0), (26.423454821224972, 5.644817880094154, 0.0), (18.050542530142625, 5.945616093230502, 0.0), (13.183072088337703, 23.405567975717084, 0.0))","((10, 45, 50), (105, 20, 50), (120, 25, 50), (15, 25, 50), (15, 5, 50))",010011100111110011110,"{0: [0], 1: [2], 2: [3], 3: [2], 4: [0], 5: [2], 6: [0], 7: [1], 8: [4], 9: [4], 10: [3]}","{0: 3957153780.6700087, 1: 5518889354.747143, 2: 4127300766.252488, 3: 4891720344.9426565, 4: 3957153780.6700087, 5: 4910668009.9402, 6: 3957153780.6700087, 7: 5518889354.747143, 8: 4078877274.5939345, 9: 4078877274.5939345, 10: 4127300766.252488}"
"((80.59083874628675, 130.68277443390403, 0.0), (116.38821099169408, 13.080033755110108, 0.0), (26.550669056875787, 36.00066693887416, 0.0), (92.26232403599917, 81.74611938944328, 0.0), (22.072878761125754, 44.940056448521474, 0.0), (174.96415769598303, 63.99953311499462, 0.0), (29.773663798568275, 56.68652782990144, 0.0), (82.79316293924045, 12.66132253769625, 0.0), (47.44797217039622, 2.3971154393103027, 0.0), (23.090189323986262, 29.686046761966903, 0.0), (14.146579988655816, 26.168300583978617, 0.0), (6.423407743573275, 13.884927453194312, 0.0))","((20, 15, 50), (80, 40, 50), (130, 30, 55), (25, 35, 50), (20, 30, 50))",001011010111011111110,"{0: [1], 1: [2], 2: [3], 3: [1], 4: [3], 5: [2], 6: [3], 7: [1], 8: [0], 9: [4], 10: [4], 11: [0]}","{0: 4121147065.006564, 1: 5726566422.223025, 2: 4121147065.006564, 3: 4121147065.006564, 4: 4121147065.006564, 5: 4920533329.828261, 6: 4121147065.006564, 7: 4121147065.006564, 8: 4121147065.006564, 9: 4121147065.006564, 10: 4121147065.006564, 11: 4121147065.006564}"
"((70.18717950509745, 143.20689913436684, 0.0), (132.93031102824884, 20.4077835546273, 0.0), (42.543086283393045, 14.836707150720613, 0.0), (100.26413467020214, 69.97827096038696, 0.0), (22.046442171172064, 45.9924656949138, 0.0), (186.22566071845145, 63.71080602012436, 0.0), (31.619318824411916, 55.368393641302745, 0.0), (93.87708920453306, 17.129795059545863, 0.0), (55.76399897860079, 6.192796129396587, 0.0), (27.54243330524787, 30.313584799580827, 0.0), (27.499453667461964, 28.847027160492615, 0.0), (0.660530412356862, 5.248064309687528, 0.0))","((125, 25, 50), (80, 35, 50), (0, 5, 50), (25, 40, 50), (20, 15, 50))",001011010111011111111,"{0: [1], 1: [0], 2: [4], 3: [1], 4: [3], 5: [0], 6: [3], 7: [1], 8: [4], 9: [3], 10: [3], 11: [2]}","{0: 3775910933.7275257, 1: 5735324146.934897, 2: 4229975863.0758014, 3: 4229975863.0758014, 4: 4229975863.0758014, 5: 4611594257.1762705, 6: 4229975863.0758014, 7: 4229975863.0758014, 8: 4229975863.0758014, 9: 4229975863.0758014, 10: 4229975863.0758014, 11: 4229975863.0758014}"
"((48.95404745552429, 128.6505385435679, 0.0), (133.60593043463533, 15.598488531400527, 0.0), (26.77673793209716, 19.189928808312178, 0.0), (103.88920875179645, 85.36329321402253, 0.0), (16.769193152372722, 69.15378598891527, 0.0), (176.5406057828512, 44.459585770374, 0.0), (29.690402386789415, 49.61123972553908, 0.0), (73.2773683408663, 11.686442143253231, 0.0), (58.499197417612805, 3.8989327226532633, 0.0), (49.390110698749105, 30.853513047826958, 0.0), (7.907063528655186, 41.02365549636212, 0.0))","((130, 20, 50), (15, 30, 50), (20, 15, 50), (100, 45, 50), (90, 40, 50))",010011100111111010111,"{0: [4], 1: [0], 2: [2], 3: [3], 4: [1], 5: [0], 6: [1], 7: [4], 8: [2], 9: [2], 10: [1]}","{0: 4007409804.2983284, 1: 6029011771.391974, 2: 4593343017.700678, 3: 4593343017.700678, 4: 4593343017.700678, 5: 5149972990.057003, 6: 4593343017.700678, 7: 4593343017.700678, 8: 4593343017.700678, 9: 4593343017.700678, 10: 4593343017.700678}"
"((59.84799503846618, 139.09928144958283, 0.0), (138.54813676544958, 15.11998982952693, 0.0), (27.567294872608894, 18.12034501622681, 0.0), (103.6404394369362, 70.91777403739376, 0.0), (10.831397989924623, 66.41343538536967, 0.0), (178.96630979141676, 64.81442287342233, 0.0), (11.161466545613148, 58.67326513382243, 0.0), (76.85434502335353, 10.960876782235566, 0.0), (57.61484897385692, 1.9905048779863663, 0.0), (63.03283106302129, 12.519009563756828, 0.0), (27.252470563405932, 38.0652355341494, 0.0))","((130, 20, 50), (15, 40, 50), (15, 45, 50), (85, 0, 50), (85, 10, 50))",100011111110011011110,"{0: [2], 1: [0], 2: [1], 3: [0], 4: [2], 5: [0], 6: [2], 7: [4], 8: [3], 9: [4], 10: [1]}","{0: 3866933210.478382, 1: 6029011771.391974, 2: 4367201695.11616, 3: 5017319960.080336, 4: 4367201695.11616, 5: 4770974017.574273, 6: 4367201695.11616, 7: 4367201695.11616, 8: 4367201695.11616, 9: 4367201695.11616, 10: 4367201695.11616}"
"((51.48288668896831, 130.01693412711228, 0.0), (146.17381834416997, 42.425373004704625, 0.0), (33.8151854512485, 42.84528231600734, 0.0), (104.91491172412914, 72.36196946478339, 0.0), (22.299543813729613, 80.68167373590859, 0.0), (183.59998549242175, 62.4447537017232, 0.0), (5.116699992902676, 50.6251385030363, 0.0), (64.26001175162968, 19.987453736417137, 0.0), (32.76269882044578, 2.435426628488637, 0.0), (63.01460179790537, 14.343236773408954, 0.0), (21.44099084190428, 10.021511419362795, 0.0), (14.34857243595479, 11.487933888399128, 0.0), (12.832635111559673, 25.132860042747577, 0.0))","((25, 40, 50), (80, 15, 50), (125, 25, 50), (20, 20, 50), (10, 45, 50))",001111010011001111110,"{0: [0], 1: [2], 2: [0], 3: [2], 4: [4], 5: [2], 6: [4], 7: [1], 8: [3], 9: [1], 10: [3], 11: [3], 12: [3]}","{0: 3848570466.0620465, 1: 3848570466.0620465, 2: 3848570466.0620465, 3: 3848570466.0620465, 4: 3848570466.0620465, 5: 3848570466.0620465, 6: 3848570466.0620465, 7: 3848570466.0620465, 8: 3848570466.0620465, 9: 3848570466.0620465, 10: 3848570466.0620465, 11: 3848570466.0620465, 12: 3848570466.0620465}"
"((37.362651129928814, 136.9286231770052, 0.0), (142.90006337744745, 18.12871459979572, 0.0), (28.753733783278836, 65.57964358255902, 0.0), (89.88958000023729, 94.796975341828, 0.0), (21.460130355369003, 79.62394752438382, 0.0), (184.42078909423, 80.64854818188675, 0.0), (5.449044667302894, 43.35990186060469, 0.0), (43.13074711632349, 14.142450199175542, 0.0), (55.70656198775866, 13.494101167187422, 0.0), (79.95256132888188, 29.733893228533386, 0.0), (10.564626163217133, 6.009500528481083, 0.0), (18.141386691220717, 7.036433023046033, 0.0), (24.664402380368493, 18.800245194572547, 0.0), (21.681508971704577, 4.877363470416944, 0.0), (14.958654746515943, 21.456759862998464, 0.0))","((170, 115, 50), (65, 125, 50), (135, 10, 50), (80, 15, 55), (80, 30, 55))",100011000011111111111,"{0: [1], 1: [2], 2: [1], 3: [1], 4: [1], 5: [0], 6: [4], 7: [3], 8: [3], 9: [4], 10: [3], 11: [3], 12: [3], 13: [3], 14: [3]}","{0: 5763673002.855438, 1: 6131492359.958156, 2: 4685504423.013843, 3: 5525275927.72358, 4: 4865022161.263764, 5: 4115022672.3526673, 6: 4441807042.822503, 7: 5406809908.849253, 8: 5678478116.689806, 9: 5908630066.652522, 10: 4579829320.420895, 11: 4769189203.733223, 12: 4943504936.943284, 13: 4849184923.756883, 14: 4694503318.643331}"
"((41.30859028408306, 113.50084715663239, 0.0), (134.48500958008438, 6.977948960510114, 0.0), (17.980580671634538, 76.03842387510247, 0.0), (78.54724693782055, 92.76116235009026, 0.0), (8.962585761909958, 91.79667889864876, 0.0), (161.45436757942878, 67.68898764485414, 0.0), (7.201151615653891, 41.42876930116698, 0.0), (24.952855650724644, 27.89063960694496, 0.0), (78.27939086477475, 33.04221185048895, 0.0), (92.89875132366973, 6.023214880155816, 0.0), (4.081322287038352, 9.459035940975056, 0.0), (27.842416151552737, 10.151013106849941, 0.0), (44.606596468295066, 32.812700837790445, 0.0))","((15, 45, 50), (105, 20, 50), (130, 20, 50), (25, 30, 50), (5, 10, 50))",100011111110011010110,"{0: [0], 1: [2], 2: [0], 3: [1], 4: [0], 5: [2], 6: [0], 7: [3], 8: [1], 9: [1], 10: [4], 11: [3], 12: [3]}","{0: 4447526813.115189, 1: 6029011771.391974, 2: 4447526813.115189, 3: 4484496756.920387, 4: 4447526813.115189, 5: 5023088981.317231, 6: 4447526813.115189, 7: 4855281262.790721, 8: 5772860433.083756, 9: 6020593623.25635, 10: 4246781228.6863484, 11: 4855281262.790721, 12: 4855281262.790721}"
"((37.66465598052991, 118.20779767477808, 0.0), (132.07254102126734, 2.6177230819877275, 0.0), (35.207323129196936, 66.68381414143579, 0.0), (73.56083178272617, 80.52105644133145, 0.0), (10.60650619368932, 91.46391842469971, 0.0), (157.23281058010008, 74.03468468556692, 0.0), (3.782907178704464, 42.23769338483666, 0.0), (27.204996321208704, 27.187234819452932, 0.0), (72.42895869904352, 26.18351282502788, 0.0), (105.59005459532789, 22.09483482792543, 0.0), (6.398170658055825, 31.075262048776747, 0.0))","((25, 35, 50), (5, 35, 50), (10, 45, 50), (135, 20, 55), (80, 30, 50))",001011010111011111110,"{0: [2], 1: [3], 2: [2], 3: [4], 4: [2], 5: [3], 6: [2], 7: [0], 8: [4], 9: [4], 10: [1]}","{0: 3828909131.659402, 1: 5793255819.023293, 2: 3828909131.659402, 3: 5196144553.587456, 4: 3828909131.659402, 5: 4868406773.183161, 6: 3828909131.659402, 7: 3973455765.0525894, 8: 5874450284.334438, 9: 5844458214.127517, 10: 3588042997.99443}"
"((23.554537321275433, 130.29738589177362, 0.0), (130.89063758826092, 0.5489497414580176, 0.0), (12.546216813385655, 56.02440771632838, 0.0), (68.18374891608553, 93.16806013507065, 0.0), (13.393378084184002, 83.46024683039357, 0.0), (166.3036045003365, 61.88940985148284, 0.0), (18.4175320119556, 24.086568702703026, 0.0), (29.758248042662444, 29.44418552706225, 0.0), (66.22347386735251, 25.552268022131255, 0.0))","((95, 0, 50), (5, 45, 50), (0, 45, 50), (10, 45, 50), (15, 45, 55))",001001010111011111111,"{0: [3], 1: [0], 2: [3], 3: [0], 4: [3], 5: [0], 6: [3], 7: [3], 8: [0]}","{0: 3858517860.7663984, 1: 3858517860.7663984, 2: 3858517860.7663984, 3: 3858517860.7663984, 4: 3858517860.7663984, 5: 3858517860.7663984, 6: 3858517860.7663984, 7: 3858517860.7663984, 8: 3858517860.7663984}"
"((20.663226287448378, 110.52139225527654, 0.0), (122.58504610391765, 0.612377243339583, 0.0), (9.283777383258368, 73.3172722910529, 0.0), (70.40115786116553, 91.90833546579776, 0.0), (17.774944434588154, 111.24523142875977, 0.0), (188.5860155762375, 57.56543964703448, 0.0), (33.53141562824257, 35.132885572868304, 0.0), (14.56728624121812, 41.563284884136735, 0.0))","((190, 125, 50), (10, 120, 50), (45, 120, 50), (30, 10, 55), (185, 125, 50))",010010100011101010110,"{0: [1], 1: [3], 2: [1], 3: [2], 4: [1], 5: [0], 6: [3], 7: [3]}","{0: 6091458311.8253355, 1: 3973455765.0525894, 2: 5315252054.055211, 3: 5559783439.886153, 4: 6126842411.106806, 5: 3848570466.0620465, 6: 3973455765.0525894, 7: 3973455765.0525894}"
"((13.906260656534183, 117.28671223702277, 0.0), (122.4186186378989, 2.2167224551155305, 0.0), (8.40547284732547, 93.4636770627834, 0.0), (56.33630044484717, 83.47466235367779, 0.0), (8.472130094184863, 108.58262273249785, 0.0), (184.37198215649457, 54.27149964632697, 0.0), (29.012620566299717, 14.949707757110414, 0.0), (7.242262116869191, 23.967522540628437, 0.0), (5.212189393414017, 7.180035052134067, 0.0), (0.03424828315478044, 4.5329922880139835, 0.0))","((130, 30, 55), (105, 190, 50), (15, 40, 50), (0, 15, 50), (10, 30, 50))",010001100101111111111,"{0: [2], 1: [0], 2: [2], 3: [1], 4: [2], 5: [0], 6: [4], 7: [4], 8: [3], 9: [3]}","{0: 3771713254.956472, 1: 3771713254.956472, 2: 3771713254.956472, 3: 2794144597.901056, 4: 3771713254.956472, 5: 3771713254.956472, 6: 3771713254.956472, 7: 3771713254.956472, 8: 3771713254.956472, 9: 3771713254.956472}"
"((9.11701043914346, 131.71522187643419, 0.0), (110.71710089615384, 10.325530094133144, 0.0), (35.343856369906206, 99.8064996100573, 0.0), (62.60704510562289, 97.32869733948945, 0.0), (2.572281632560858, 126.11901084921328, 0.0), (178.4449786736256, 61.004389892158166, 0.0), (25.795311662574843, 14.711937552510316, 0.0), (3.828774761208892, 17.90775918000004, 0.0))","((100, 195, 55), (10, 25, 50), (5, 45, 50), (125, 25, 50), (125, 10, 50))",100010111110011011110,"{0: [2], 1: [4], 2: [2], 3: [3], 4: [2], 5: [3], 6: [1], 7: [1]}","{0: 3881191535.5879955, 1: 5830142872.979926, 2: 3881191535.5879955, 3: 4055413576.089928, 4: 3881191535.5879955, 5: 4822955214.925459, 6: 3881191535.5879955, 7: 3881191535.5879955}"
"((37.19385114831239, 134.64186148096852, 0.0), (111.91366384654879, 16.925399662416833, 0.0), (44.03778847461862, 113.00157682655247, 0.0), (81.9492917099127, 116.79591799716869, 0.0), (8.184362234862697, 126.92396382611996, 0.0), (172.56044580679526, 50.90930494386412, 0.0))","((130, 20, 50), (105, 180, 55), (15, 45, 55), (5, 45, 50), (15, 45, 50))",001011010111011111110,"{0: [4], 1: [0], 2: [4], 3: [1], 4: [3], 5: [0]}","{0: 3876117513.087325, 1: 6023206293.79732, 2: 3876117513.087325, 3: 4647073073.822285, 4: 3876117513.087325, 5: 5149313345.213672}"
"((23.994787538705772, 128.50043688451365, 0.0), (120.67543537484553, 15.11712807888825, 0.0), (47.78712299980133, 111.22526893782201, 0.0), (66.75842561460647, 95.28563353021997, 0.0), (6.617924586576353, 152.2105958077897, 0.0), (167.93855671120474, 32.768991813774385, 0.0), (11.432677261100752, 9.238469148160073, 0.0), (19.43872442888454, 5.027313139736398, 0.0))","((125, 145, 55), (85, 10, 50), (95, 50, 55), (120, 15, 50), (130, 20, 50))",000110001110111111111,"{0: [0], 1: [3], 2: [2], 3: [2], 4: [0], 5: [4], 6: [1], 7: [1]}","{0: 3654018762.9527035, 1: 6029011771.391974, 2: 4404444052.327372, 3: 4996718286.464888, 4: 3539539500.3843718, 5: 5500756589.402032, 6: 4582337484.616411, 7: 4787787643.717517}"
"((6.957938860538896, 142.98078353181467, 0.0), (111.20529142989427, 20.925344595971243, 0.0), (63.67328061775024, 93.84560191145934, 0.0), (68.3801344795213, 87.81144557616594, 0.0), (5.33356900490907, 160.2493689832416, 0.0), (167.72564803838026, 37.635933511599774, 0.0))","((140, 105, 50), (120, 40, 55), (120, 25, 55), (105, 180, 50), (110, 170, 50))",100011111110011011111,"{0: [3], 1: [2], 2: [1], 3: [0], 4: [3], 5: [1]}","{0: 3855259559.9797907, 1: 5459218865.9998045, 2: 4390100183.620122, 3: 4580221514.79686, 4: 3922695285.2274356, 5: 5138297244.756362}"
"((7.331239499133242, 129.21041564360357, 0.0), (99.03791242655407, 5.771463049053466, 0.0), (67.15811273961496, 95.59180185898988, 0.0), (69.6707834218985, 102.09394743155099, 0.0), (16.44185143751879, 163.33545961411193, 0.0), (167.5748709742983, 34.94986772915027, 0.0), (26.43512506805635, 3.2568530018842607, 0.0))","((130, 120, 55), (95, 25, 50), (100, 5, 50), (75, 55, 50), (80, 55, 50))",100011111110011011110,"{0: [0], 1: [2], 2: [3], 3: [3], 4: [0], 5: [1], 6: [1]}","{0: 3459958971.0858517, 1: 4823516365.600153, 2: 4823516365.600153, 3: 4823516365.600153, 4: 3486177520.085507, 5: 4590507644.802459, 6: 4624733212.325805}"
"((16.206384935622225, 133.26988908004546, 0.0), (92.24586776708351, 9.128805579718131, 0.0), (66.10372134942018, 88.58380338168128, 0.0), (61.0960201073018, 92.60617049722303, 0.0), (24.192069132520825, 157.6165531266754, 0.0), (172.04931605484092, 28.696387659006263, 0.0), (6.643765574659511, 22.097703408857992, 0.0), (12.792810635133831, 7.014308780331608, 0.0))","((95, 50, 50), (125, 135, 50), (130, 25, 55), (80, 25, 50), (90, 10, 50))",111111000110011011110,"{0: [1], 1: [4], 2: [0], 3: [0], 4: [1], 5: [2], 6: [3], 7: [3]}","{0: 3772734507.228267, 1: 5885750737.637794, 2: 5272668110.271364, 3: 5097601378.08663, 4: 3886413978.3502684, 5: 5277599742.703032, 6: 4586391897.788421, 7: 4686312561.978576}"
"((11.511712296054476, 115.40173212701285, 0.0), (86.96650447010042, 3.590242450305639, 0.0), (86.76568493778117, 88.46754403936183, 0.0), (49.571879927519035, 97.87783963294797, 0.0), (11.104478182141056, 150.07802294770948, 0.0), (172.6217605750319, 49.14501966600984, 0.0), (17.142881899315967, 32.306782159145456, 0.0), (22.254107151669224, 0.7205451772619327, 0.0))","((185, 80, 50), (125, 135, 50), (110, 45, 55), (80, 20, 55), (100, 0, 50))",000111001110111111111,"{0: [1], 1: [4], 2: [2], 3: [2], 4: [1], 5: [0], 6: [3], 7: [3]}","{0: 3646527763.7476254, 1: 4849934763.76934, 2: 4849934763.76934, 3: 4334572480.42551, 4: 3651941608.955682, 5: 5180759580.590386, 6: 4727133470.3401165, 7: 4806611311.367619}"
"((29.945558835394696, 96.1137634324742, 0.0), (100.26097180544384, 23.125008006311347, 0.0), (79.0995406233819, 82.34575422735345, 0.0), (55.563206267018245, 82.68646450808853, 0.0), (17.312971669161552, 148.7591420861039, 0.0), (175.30921738890916, 35.16979286228544, 0.0), (12.291775741944635, 59.943091529070244, 0.0))","((105, 45, 50), (195, 70, 55), (120, 155, 50), (120, 150, 55), (125, 135, 50))",000101000011111111111,"{0: [4], 1: [0], 2: [0], 3: [2], 4: [3], 5: [1], 6: [3]}","{0: 3899372601.8710995, 1: 4483512983.81022, 2: 4483512983.81022, 3: 4025778878.4796624, 4: 3846475115.0797257, 5: 3045905072.44219, 6: 3168211595.952117}"
