"((138.53217693083425, 144.90203953542976, 0.0), (87.61444616864344, 101.71182692733252, 0.0), (12.089300873364119, 102.72405584091743, 0.0), (123.33714244929669, 20.20025964611267, 0.0), (123.76672771587502, 197.15758218281962, 0.0), (172.51159494705607, 62.741903803048565, 0.0), (22.00559579144656, 14.30471698714599, 0.0), (185.8014233909684, 81.89133333917913, 0.0), (0.7993495935944575, 73.53688189052701, 0.0), (122.37116945802047, 178.81954460806332, 0.0), (129.246126329232, 37.14446317806896, 0.0), (82.72762596940247, 80.40494079879271, 0.0), (28.046085879821934, 142.64197394115095, 0.0), (146.40927648004512, 23.59255246951708, 0.0), (112.58737747364795, 11.59229487133538, 0.0), (84.68635884963835, 79.45045738277258, 0.0), (51.828517692856515, 111.8905541484884, 0.0), (81.58829399125443, 49.131875651721344, 0.0), (83.64849110367851, 36.69342377132004, 0.0), (53.608160698744825, 7.6046477102456365, 0.0), (21.824016065128056, 95.23792511656026, 0.0), (148.79256309364757, 146.32768590027882, 0.0), (14.303968627568644, 122.03913338351697, 0.0), (76.19226081571439, 65.22512739488693, 0.0), (109.70041161239396, 132.88046759677047, 0.0), (199.38204614431618, 144.74716433608674, 0.0), (23.58796453574643, 26.886283419770024, 0.0), (99.93143823808853, 199.96545144400983, 0.0), (155.80955187658856, 37.38749029558364, 0.0), (127.48440995640536, 13.282469725719693, 0.0), (28.198627737723204, 13.306443331991547, 0.0), (110.50630841903323, 157.95816816755698, 0.0), (148.42954999220427, 89.23440092235546, 0.0), (111.10219353310718, 79.53165981924899, 0.0), (40.63780666677039, 89.17229524158093, 0.0), (78.3121583729695, 55.99659671082854, 0.0), (148.35033779821205, 195.5755888407913, 0.0), (1.2030760280367039, 183.87974502762864, 0.0), (140.91294574335953, 124.27707727084628, 0.0), (122.22351802445621, 166.86212078256443, 0.0), (63.43394493571159, 87.05988372648444, 0.0), (4.555153370925996, 193.6771270856158, 0.0), (156.04206912674982, 121.4277097156294, 0.0), (144.60733336186604, 33.777420776276244, 0.0), (138.04888653054272, 34.88261660455154, 0.0), (122.63379532822506, 110.20032685643358, 0.0), (76.0920845326531, 4.837618832388593, 0.0), (96.74561629118057, 82.06961496447963, 0.0), (119.9445879703533, 20.90730059689352, 0.0), (158.96963162323624, 100.87829253928435, 0.0), (175.91307832499825, 48.64952360522971, 0.0), (194.99786263440225, 115.76176234261855, 0.0), (71.69420709536554, 134.45384625622992, 0.0), (89.93698592856965, 44.98451426987944, 0.0), (119.03506660892631, 21.430970894588786, 0.0), (132.98201857119446, 167.42743782334253, 0.0), (190.531846406422, 1.018441607525359, 0.0), (30.985337140661397, 153.4818317068317, 0.0), (112.33782217489227, 179.6286581068563, 0.0), (94.64039350082264, 24.125582594023285, 0.0), (112.64599402012121, 150.31410640960306, 0.0), (107.74611536742911, 79.59946743196613, 0.0), (79.18955828332048, 18.31832693713359, 0.0), (41.72227918308806, 109.4262902406951, 0.0), (18.720169239496276, 73.64218197852293, 0.0), (91.149512812422, 78.5683554433075, 0.0), (156.66082019410285, 94.09470779823674, 0.0), (157.90658680217638, 17.497651269212387, 0.0), (0.15109924891356652, 136.87790694598158, 0.0), (136.70050442538397, 13.883476305749177, 0.0), (58.60720617378892, 85.74110034624016, 0.0), (157.77659054322106, 134.6655224540212, 0.0), (168.85537676873182, 99.9870965670026, 0.0), (0.37704667790172763, 164.35430320391396, 0.0), (76.07077251567726, 129.26373716540084, 0.0), (115.18124091494909, 48.05117667269417, 0.0), (49.10168929482816, 11.474885358286988, 0.0), (34.67808647121339, 23.958165790391504, 0.0), (132.03710036062307, 135.8085128837975, 0.0), (20.221821661494875, 129.86572635878574, 0.0), (107.65913907977472, 199.14458804661663, 0.0), (125.25606897530963, 117.0636652194919, 0.0), (172.18585127758192, 18.501520889811818, 0.0), (25.548452860375118, 35.78687385843192, 0.0), (5.165060204743062, 32.758921479613626, 0.0), (0.6664197653858759, 77.92837749539244, 0.0), (112.911653807338, 130.72105851301168, 0.0), (95.25670386879779, 130.26362082585902, 0.0), (138.412285283665, 131.14914004997428, 0.0), (110.9021307937136, 53.36137743542901, 0.0), (118.02980227918793, 17.464689174628745, 0.0), (111.63591010936894, 187.78134145126072, 0.0), (163.48859687028508, 2.905910321929523, 0.0), (82.77900208572643, 100.5331768418011, 0.0), (87.0156365239909, 127.70688920875108, 0.0), (28.20381228397799, 76.55644267386347, 0.0), (115.86910855920196, 182.19651519400804, 0.0), (120.32988050965916, 104.78069872993753, 0.0), (177.33066655431233, 163.93526407088768, 0.0), (110.95676520993804, 177.47591516878157, 0.0))","((110, 40, 50), (120, 160, 50), (180, 30, 50), (0, 30, 50), (120, 190, 50))",111111101111110111111,"{0: [1], 1: [0], 2: [3], 3: [0], 4: [4], 5: [2], 6: [3], 7: [2], 8: [3], 9: [4], 10: [0], 11: [0], 12: [3], 13: [2], 14: [0], 15: [0], 16: [1], 17: [0], 18: [0], 19: [3], 20: [3], 21: [1], 22: [3], 23: [0], 24: [1], 25: [1], 26: [3], 27: [4], 28: [2], 29: [0], 30: [3], 31: [1], 32: [2], 33: [0], 34: [3], 35: [0], 36: [4], 37: [3], 38: [1], 39: [1], 40: [0], 41: [3], 42: [1], 43: [0], 44: [0], 45: [1], 46: [0], 47: [0], 48: [0], 49: [1], 50: [2], 51: [2], 52: [1], 53: [0], 54: [0], 55: [1], 56: [0], 57: [3], 58: [4], 59: [0], 60: [1], 61: [0], 62: [0], 63: [3], 64: [3], 65: [0], 66: [1], 67: [2], 68: [3], 69: [0], 70: [1], 71: [1], 72: [1], 73: [3], 74: [1], 75: [0], 76: [3], 77: [3], 78: [1], 79: [3], 80: [4], 81: [1], 82: [2], 83: [3], 84: [3], 85: [3], 86: [1], 87: [1], 88: [1], 89: [0], 90: [0], 91: [4], 92: [2], 93: [0], 94: [1], 95: [3], 96: [4], 97: [1], 98: [2], 99: [4]}","{0: 5563147149.684092, 1: 4790551010.376159, 2: 3989969727.868779, 3: 5222244956.618764, 4: 5563147149.684092, 5: 5674312243.788988, 6: 3989969727.868779, 7: 5160113265.5361595, 8: 3989969727.868779, 9: 5563147149.684092, 10: 5222244956.618764, 11: 5222244956.618764, 12: 3628876847.1393905, 13: 5658310192.9058075, 14: 5222244956.618764, 15: 5222244956.618764, 16: 4336130058.00301, 17: 5222244956.618764, 18: 5222244956.618764, 19: 3989969727.868779, 20: 3989969727.868779, 21: 5563147149.684092, 22: 3989969727.868779, 23: 5222244956.618764, 24: 5563147149.684092, 25: 4399632744.245568, 26: 3989969727.868779, 27: 5563147149.684092, 28: 5879071138.097448, 29: 5222244956.618764, 30: 3989969727.868779, 31: 5563147149.684092, 32: 4751122207.446077, 33: 5222244956.618764, 34: 3989969727.868779, 35: 5222244956.618764, 36: 5563147149.684092, 37: 2988829782.4178834, 38: 5463069011.440316, 39: 5563147149.684092, 40: 4775611200.95182, 41: 2847447784.457464, 42: 5143979549.237355, 43: 5222244956.618764, 44: 5222244956.618764, 45: 5225916037.8861, 46: 5222244956.618764, 47: 5222244956.618764, 48: 5222244956.618764, 49: 4653892664.847212, 50: 6009284385.874307, 51: 4249488258.8631306, 52: 5092155897.979256, 53: 5222244956.618764, 54: 5222244956.618764, 55: 5563147149.684092, 56: 4193112103.122608, 57: 3420845721.682688, 58: 5563147149.684092, 59: 5222244956.618764, 60: 5563147149.684092, 61: 5222244956.618764, 62: 5222244956.618764, 63: 3989969727.868779, 64: 3989969727.868779, 65: 5222244956.618764, 66: 4535175936.363504, 67: 5876961177.274065, 68: 3812156085.726752, 69: 5222244956.618764, 70: 4036984331.2601786, 71: 5348988121.50766, 72: 4485395749.921781, 73: 3298478483.463534, 74: 5120935644.638925, 75: 5222244956.618764, 76: 3989969727.868779, 77: 3989969727.868779, 78: 5563147149.684092, 79: 3916552172.7918806, 80: 5563147149.684092, 81: 5411289608.398061, 82: 6096870053.468658, 83: 3989969727.868779, 84: 3989969727.868779, 85: 3989969727.868779, 86: 5563147149.684092, 87: 5537664491.550937, 88: 5563147149.684092, 89: 5222244956.618764, 90: 5222244956.618764, 91: 5563147149.684092, 92: 5722463625.228348, 93: 4771131761.5248165, 94: 5330051017.436098, 95: 3989969727.868779, 96: 5563147149.684092, 97: 5076111871.180379, 98: 3305146948.503984, 99: 5563147149.684092}"
"((138.53217693083425, 144.90203953542976, 0.0), (87.61444616864344, 101.71182692733252, 0.0), (12.089300873364119, 102.72405584091743, 0.0), (123.33714244929669, 20.20025964611267, 0.0), (123.76672771587502, 197.15758218281962, 0.0), (172.51159494705607, 62.741903803048565, 0.0), (22.00559579144656, 14.30471698714599, 0.0), (185.8014233909684, 81.89133333917913, 0.0), (0.7993495935944575, 73.53688189052701, 0.0), (122.37116945802047, 178.81954460806332, 0.0), (129.246126329232, 37.14446317806896, 0.0), (82.72762596940247, 80.40494079879271, 0.0), (28.046085879821934, 142.64197394115095, 0.0), (146.40927648004512, 23.59255246951708, 0.0), (112.58737747364795, 11.59229487133538, 0.0), (84.68635884963835, 79.45045738277258, 0.0), (51.828517692856515, 111.8905541484884, 0.0), (81.58829399125443, 49.131875651721344, 0.0), (83.64849110367851, 36.69342377132004, 0.0), (53.608160698744825, 7.6046477102456365, 0.0), (21.824016065128056, 95.23792511656026, 0.0), (148.79256309364757, 146.32768590027882, 0.0), (14.303968627568644, 122.03913338351697, 0.0), (76.19226081571439, 65.22512739488693, 0.0), (109.70041161239396, 132.88046759677047, 0.0), (199.38204614431618, 144.74716433608674, 0.0), (23.58796453574643, 26.886283419770024, 0.0), (99.93143823808853, 199.96545144400983, 0.0), (155.80955187658856, 37.38749029558364, 0.0), (127.48440995640536, 13.282469725719693, 0.0), (28.198627737723204, 13.306443331991547, 0.0), (110.50630841903323, 157.95816816755698, 0.0), (148.42954999220427, 89.23440092235546, 0.0), (111.10219353310718, 79.53165981924899, 0.0), (40.63780666677039, 89.17229524158093, 0.0), (78.3121583729695, 55.99659671082854, 0.0), (148.35033779821205, 195.5755888407913, 0.0), (1.2030760280367039, 183.87974502762864, 0.0), (140.91294574335953, 124.27707727084628, 0.0), (122.22351802445621, 166.86212078256443, 0.0), (63.43394493571159, 87.05988372648444, 0.0), (4.555153370925996, 193.6771270856158, 0.0), (156.04206912674982, 121.4277097156294, 0.0), (144.60733336186604, 33.777420776276244, 0.0), (138.04888653054272, 34.88261660455154, 0.0), (122.63379532822506, 110.20032685643358, 0.0), (76.0920845326531, 4.837618832388593, 0.0), (96.74561629118057, 82.06961496447963, 0.0), (119.9445879703533, 20.90730059689352, 0.0), (158.96963162323624, 100.87829253928435, 0.0), (175.91307832499825, 48.64952360522971, 0.0), (194.99786263440225, 115.76176234261855, 0.0), (71.69420709536554, 134.45384625622992, 0.0), (89.93698592856965, 44.98451426987944, 0.0), (119.03506660892631, 21.430970894588786, 0.0), (132.98201857119446, 167.42743782334253, 0.0), (190.531846406422, 1.018441607525359, 0.0), (30.985337140661397, 153.4818317068317, 0.0), (112.33782217489227, 179.6286581068563, 0.0), (94.64039350082264, 24.125582594023285, 0.0), (112.64599402012121, 150.31410640960306, 0.0), (107.74611536742911, 79.59946743196613, 0.0), (79.18955828332048, 18.31832693713359, 0.0), (41.72227918308806, 109.4262902406951, 0.0), (18.720169239496276, 73.64218197852293, 0.0), (91.149512812422, 78.5683554433075, 0.0), (156.66082019410285, 94.09470779823674, 0.0), (157.90658680217638, 17.497651269212387, 0.0), (0.15109924891356652, 136.87790694598158, 0.0), (136.70050442538397, 13.883476305749177, 0.0), (58.60720617378892, 85.74110034624016, 0.0), (157.77659054322106, 134.6655224540212, 0.0), (168.85537676873182, 99.9870965670026, 0.0), (0.37704667790172763, 164.35430320391396, 0.0), (76.07077251567726, 129.26373716540084, 0.0), (115.18124091494909, 48.05117667269417, 0.0), (49.10168929482816, 11.474885358286988, 0.0), (34.67808647121339, 23.958165790391504, 0.0), (132.03710036062307, 135.8085128837975, 0.0), (20.221821661494875, 129.86572635878574, 0.0), (107.65913907977472, 199.14458804661663, 0.0), (125.25606897530963, 117.0636652194919, 0.0), (172.18585127758192, 18.501520889811818, 0.0), (25.548452860375118, 35.78687385843192, 0.0), (5.165060204743062, 32.758921479613626, 0.0), (0.6664197653858759, 77.92837749539244, 0.0), (112.911653807338, 130.72105851301168, 0.0), (95.25670386879779, 130.26362082585902, 0.0), (138.412285283665, 131.14914004997428, 0.0), (110.9021307937136, 53.36137743542901, 0.0), (118.02980227918793, 17.464689174628745, 0.0), (111.63591010936894, 187.78134145126072, 0.0), (163.48859687028508, 2.905910321929523, 0.0), (82.77900208572643, 100.5331768418011, 0.0), (87.0156365239909, 127.70688920875108, 0.0), (28.20381228397799, 76.55644267386347, 0.0), (115.86910855920196, 182.19651519400804, 0.0), (120.32988050965916, 104.78069872993753, 0.0), (177.33066655431233, 163.93526407088768, 0.0), (110.95676520993804, 177.47591516878157, 0.0))","((110, 40, 50), (120, 160, 50), (180, 30, 50), (0, 30, 50), (120, 190, 50))",111111101111110111111,"{0: [1], 1: [0], 2: [3], 3: [0], 4: [4], 5: [2], 6: [3], 7: [2], 8: [3], 9: [4], 10: [0], 11: [0], 12: [3], 13: [2], 14: [0], 15: [0], 16: [1], 17: [0], 18: [0], 19: [3], 20: [3], 21: [1], 22: [3], 23: [0], 24: [1], 25: [1], 26: [3], 27: [4], 28: [2], 29: [0], 30: [3], 31: [1], 32: [2], 33: [0], 34: [3], 35: [0], 36: [4], 37: [3], 38: [1], 39: [1], 40: [0], 41: [3], 42: [1], 43: [0], 44: [0], 45: [1], 46: [0], 47: [0], 48: [0], 49: [1], 50: [2], 51: [2], 52: [1], 53: [0], 54: [0], 55: [1], 56: [0], 57: [3], 58: [4], 59: [0], 60: [1], 61: [0], 62: [0], 63: [3], 64: [3], 65: [0], 66: [1], 67: [2], 68: [3], 69: [0], 70: [1], 71: [1], 72: [1], 73: [3], 74: [1], 75: [0], 76: [3], 77: [3], 78: [1], 79: [3], 80: [4], 81: [1], 82: [2], 83: [3], 84: [3], 85: [3], 86: [1], 87: [1], 88: [1], 89: [0], 90: [0], 91: [4], 92: [2], 93: [0], 94: [1], 95: [3], 96: [4], 97: [1], 98: [2], 99: [4]}","{0: 5563147149.684092, 1: 4790551010.376159, 2: 3989969727.868779, 3: 5222244956.618764, 4: 5563147149.684092, 5: 5674312243.788988, 6: 3989969727.868779, 7: 5160113265.5361595, 8: 3989969727.868779, 9: 5563147149.684092, 10: 5222244956.618764, 11: 5222244956.618764, 12: 3628876847.1393905, 13: 5658310192.9058075, 14: 5222244956.618764, 15: 5222244956.618764, 16: 4336130058.00301, 17: 5222244956.618764, 18: 5222244956.618764, 19: 3989969727.868779, 20: 3989969727.868779, 21: 5563147149.684092, 22: 3989969727.868779, 23: 5222244956.618764, 24: 5563147149.684092, 25: 4399632744.245568, 26: 3989969727.868779, 27: 5563147149.684092, 28: 5879071138.097448, 29: 5222244956.618764, 30: 3989969727.868779, 31: 5563147149.684092, 32: 4751122207.446077, 33: 5222244956.618764, 34: 3989969727.868779, 35: 5222244956.618764, 36: 5563147149.684092, 37: 2988829782.4178834, 38: 5463069011.440316, 39: 5563147149.684092, 40: 4775611200.95182, 41: 2847447784.457464, 42: 5143979549.237355, 43: 5222244956.618764, 44: 5222244956.618764, 45: 5225916037.8861, 46: 5222244956.618764, 47: 5222244956.618764, 48: 5222244956.618764, 49: 4653892664.847212, 50: 6009284385.874307, 51: 4249488258.8631306, 52: 5092155897.979256, 53: 5222244956.618764, 54: 5222244956.618764, 55: 5563147149.684092, 56: 4193112103.122608, 57: 3420845721.682688, 58: 5563147149.684092, 59: 5222244956.618764, 60: 5563147149.684092, 61: 5222244956.618764, 62: 5222244956.618764, 63: 3989969727.868779, 64: 3989969727.868779, 65: 5222244956.618764, 66: 4535175936.363504, 67: 5876961177.274065, 68: 3812156085.726752, 69: 5222244956.618764, 70: 4036984331.2601786, 71: 5348988121.50766, 72: 4485395749.921781, 73: 3298478483.463534, 74: 5120935644.638925, 75: 5222244956.618764, 76: 3989969727.868779, 77: 3989969727.868779, 78: 5563147149.684092, 79: 3916552172.7918806, 80: 5563147149.684092, 81: 5411289608.398061, 82: 6096870053.468658, 83: 3989969727.868779, 84: 3989969727.868779, 85: 3989969727.868779, 86: 5563147149.684092, 87: 5537664491.550937, 88: 5563147149.684092, 89: 5222244956.618764, 90: 5222244956.618764, 91: 5563147149.684092, 92: 5722463625.228348, 93: 4771131761.5248165, 94: 5330051017.436098, 95: 3989969727.868779, 96: 5563147149.684092, 97: 5076111871.180379, 98: 3305146948.503984, 99: 5563147149.684092}"
"((56.01506518201609, 158.72247004054287, 0.0), (79.43170019124047, 52.11635345596671, 0.0), (101.03747018101183, 41.339801024186976, 0.0), (91.86046394523392, 14.306712129366318, 0.0), (34.90185454905438, 140.15263254838317, 0.0), (37.25827881357725, 65.0229192656306, 0.0), (118.18080057027247, 15.996693323980278, 0.0), (164.51152871865384, 66.90076487642787, 0.0), (10.706010268150763, 122.00888660000817, 0.0), (22.13172745038231, 5.122525486018819, 0.0), (28.194653594237707, 17.919018822146278, 0.0), (92.68504433680056, 19.41531547567685, 0.0))","((50, 150, 50), (20, 20, 50), (130, 20, 50), (90, 20, 50), (90, 40, 50))",111100111111111111111,"{0: [0], 1: [4], 2: [4], 3: [3], 4: [0], 5: [1], 6: [2], 7: [2], 8: [0], 9: [1], 10: [1], 11: [3]}","{0: 3833795640.767186, 1: 6029011771.391974, 2: 6029011771.391974, 3: 6029011771.391974, 4: 3833795640.767186, 5: 5250618143.796262, 6: 6029011771.391974, 7: 4992595781.991593, 8: 3833795640.767186, 9: 5250618143.796262, 10: 5250618143.796262, 11: 6029011771.391974}"
"((74.06709042444719, 144.45400313137128, 0.0), (81.25646932449825, 58.13912831027383, 0.0), (91.92028719050074, 46.63844055070851, 0.0), (112.91243553471483, 7.636297452288457, 0.0), (40.866392532066975, 134.97308446621872, 0.0), (21.703998054754635, 85.25936851656648, 0.0), (133.88334775903712, 12.889579497521002, 0.0), (145.98215284759493, 53.808620097612376, 0.0), (11.13609886753436, 121.06578554330332, 0.0), (14.322620446947383, 20.994852495433243, 0.0), (37.139647018769665, 10.778816750432814, 0.0), (69.04690103555956, 29.827124536103966, 0.0))","((20, 20, 50), (10, 40, 50), (140, 0, 50), (90, 30, 50), (100, 30, 50))",011111111111111111111,"{0: [3], 1: [3], 2: [3], 3: [4], 4: [1], 5: [1], 6: [2], 7: [2], 8: [1], 9: [0], 10: [0], 11: [3]}","{0: 3638980913.3141456, 1: 5779501588.332751, 2: 6051557359.3594475, 3: 5866877872.304961, 4: 3960113748.9396, 5: 4855281262.790721, 6: 6091455002.088255, 7: 5106243112.170987, 8: 4393744339.460711, 9: 5222244956.618764, 10: 5222244956.618764, 11: 5972798491.756307}"
"((55.87440920816892, 147.2223245673022, 0.0), (86.65304264900284, 58.24046158148686, 0.0), (114.912288322733, 39.9433969378716, 0.0), (93.50828623886477, 20.30597054776244, 0.0), (41.635131388355354, 124.41265981135854, 0.0), (8.039843765754227, 62.65692256479317, 0.0), (134.27711618171543, 21.344103250893873, 0.0), (160.93262950137367, 28.19226499989736, 0.0), (10.408549137077745, 114.2035290482786, 0.0), (15.398905021319413, 20.941669309439828, 0.0), (54.6686113872382, 34.593943366486364, 0.0), (63.33353568625798, 30.17647645969769, 0.0))","((80, 40, 50), (10, 30, 50), (0, 30, 50), (110, 20, 50), (130, 20, 50))",111111111111111111111,"{0: [0], 1: [0], 2: [3], 3: [3], 4: [1], 5: [1], 6: [4], 7: [4], 8: [1], 9: [1], 10: [0], 11: [0]}","{0: 3750586997.273295, 1: 6003115182.995051, 2: 5981128201.276002, 3: 6029011771.391974, 4: 3966416767.8183837, 5: 5222244956.618764, 6: 6029011771.391974, 7: 5715528801.6713, 8: 4317634156.011474, 9: 5222244956.618764, 10: 5865070787.057154, 11: 6004451012.154211}"
"((58.143470747001984, 145.01505386367907, 0.0), (102.8688090718082, 66.42234997171539, 0.0), (111.727404993216, 22.903791363426123, 0.0), (65.55363662493826, 26.471317603331933, 0.0), (63.837556758450404, 117.50445417382942, 0.0), (2.205567648358155, 66.5528432016291, 0.0), (152.79294809152302, 36.30667196579268, 0.0), (142.67556531051673, 43.705116152523075, 0.0), (21.896133441688914, 105.76677126384747, 0.0), (10.487936133422258, 21.923526954584275, 0.0), (48.744786851293696, 33.86020292937024, 0.0), (55.754454983402205, 31.354992415191674, 0.0))","((20, 30, 50), (0, 40, 50), (130, 10, 50), (90, 30, 50), (80, 30, 50))",011111111111111111111,"{0: [4], 1: [3], 2: [2], 3: [4], 4: [4], 5: [1], 6: [2], 7: [2], 8: [1], 9: [0], 10: [0], 11: [4]}","{0: 3609819340.379494, 1: 5539180326.94694, 2: 5943480981.78462, 3: 6080224132.252014, 4: 4204415531.5305724, 5: 4855281262.790721, 6: 5642154013.986958, 7: 5610094219.271413, 8: 4693051468.304939, 9: 5685314037.91907, 10: 5685314037.91907, 11: 5901872570.834733}"
"((56.225177184276106, 153.00719826602318, 0.0), (75.35660471889115, 56.16602013997474, 0.0), (102.42719525995794, 25.917502668077187, 0.0), (83.33019011872965, 35.675175015820514, 0.0), (60.994569189170576, 106.98803168382865, 0.0), (10.313339831541303, 63.98722348240461, 0.0), (148.6219740108829, 24.50365122380518, 0.0), (161.91797331438397, 53.45993895444212, 0.0), (10.870480088861614, 103.38159190884777, 0.0), (1.1574950451932953, 17.136312966647253, 0.0), (52.733768549166356, 13.237262753669391, 0.0), (52.69804784577692, 32.14898394645033, 0.0))","((130, 20, 50), (80, 30, 50), (100, 30, 50), (20, 40, 50), (0, 40, 50))",011111111111111111111,"{0: [3], 1: [1], 2: [2], 3: [1], 4: [2], 5: [3], 6: [0], 7: [0], 8: [3], 9: [4], 10: [1], 11: [1]}","{0: 3579411404.4950013, 1: 5849366763.171224, 2: 6029011771.391974, 3: 6029011771.391974, 4: 4267434184.405741, 5: 5646564256.494866, 6: 6008019049.606458, 7: 5327770997.74611, 8: 4833900406.603011, 9: 5646564256.494866, 10: 5715329633.370378, 11: 5830136452.053873}"
"((41.22896748228246, 143.58368777611437, 0.0), (90.96120244421482, 57.022952755310165, 0.0), (79.48695662648866, 25.3494347443689, 0.0), (84.72869255653184, 34.43721444701353, 0.0), (60.8593954409783, 91.16192066675978, 0.0), (2.602449548979762, 55.26988379025123, 0.0), (162.22750856894018, 24.653154600574933, 0.0), (163.18895845954503, 53.24366147501541, 0.0), (7.92706248418649, 102.63559948434622, 0.0), (15.898602878601409, 24.245265709289864, 0.0), (67.80882090099206, 3.740621731953931, 0.0), (50.95394136994746, 36.290795530678025, 0.0))","((130, 20, 50), (20, 40, 50), (0, 40, 50), (80, 30, 50), (120, 20, 50))",011111111111111111111,"{0: [1], 1: [3], 2: [3], 3: [3], 4: [4], 5: [2], 6: [0], 7: [0], 8: [2], 9: [1], 10: [3], 11: [3]}","{0: 3835731127.9780197, 1: 5787037520.600984, 2: 6029011771.391974, 3: 6029011771.391974, 4: 4122789675.5400987, 5: 5646564256.494866, 6: 5701017164.41989, 7: 5307203840.920149, 8: 4858272438.006222, 9: 5646564256.494866, 10: 5792208804.4754095, 11: 5773213127.785949}"
"((49.775191051183164, 140.26259535180537, 0.0), (88.36239132072868, 60.61108516313894, 0.0), (86.60763132020837, 23.317283422630855, 0.0), (91.97387319009883, 60.746844693450626, 0.0), (59.86325387373334, 90.22602501414258, 0.0), (8.516670451813006, 50.42416963040334, 0.0), (172.93510496362424, 29.230706124439852, 0.0), (150.9528172583325, 56.359039318287564, 0.0), (6.565682459827318, 122.65648620905486, 0.0), (13.491140192112791, 13.865223465941936, 0.0), (42.34508557415985, 4.747758531101631, 0.0), (46.94925647114711, 28.23446121686412, 0.0))","((130, 10, 50), (20, 40, 50), (20, 20, 50), (90, 30, 50), (130, 20, 50))",111111111111111111111,"{0: [1], 1: [3], 2: [3], 3: [3], 4: [4], 5: [1], 6: [4], 7: [4], 8: [1], 9: [2], 10: [2], 11: [2]}","{0: 3859601902.2003446, 1: 5749770901.156312, 2: 6080224132.252014, 3: 5745847731.013714, 4: 3973361947.56827, 5: 5222244956.618764, 6: 5392889659.494319, 7: 5447257455.190649, 8: 4328802079.479168, 9: 5222244956.618764, 10: 5222244956.618764, 11: 5222244956.618764}"
"((35.9793119052982, 123.42747931212091, 0.0), (98.6334261355255, 63.8004598907991, 0.0), (81.85628686251228, 18.71842914567289, 0.0), (76.65319557049264, 52.432042854169964, 0.0), (68.77990493248139, 90.2309080408064, 0.0), (30.451325593272905, 45.48195191947828, 0.0), (180.75916405625367, 38.142686376148184, 0.0), (177.19066316384203, 65.2458462889712, 0.0), (6.278050389265374, 132.46827400420858, 0.0), (15.372905222553134, 26.649646737087927, 0.0), (31.85036688916357, 6.576591807960337, 0.0), (34.1848442865338, 15.706128244177945, 0.0))","((130, 20, 50), (0, 40, 50), (20, 30, 50), (90, 30, 50), (80, 20, 50))",011111111111111111111,"{0: [1], 1: [3], 2: [4], 3: [3], 4: [3], 5: [2], 6: [0], 7: [0], 8: [1], 9: [2], 10: [2], 11: [2]}","{0: 4161092440.3967013, 1: 5640080442.272388, 2: 6029011771.391974, 3: 5860414986.832207, 4: 4838658362.860506, 5: 5646564256.494866, 6: 5112837072.34568, 7: 4797782635.954394, 8: 4119331740.7495565, 9: 5646564256.494866, 10: 5646564256.494866, 11: 5646564256.494866}"
"((59.31942027076324, 133.6229354289415, 0.0), (110.25428788794657, 65.86713095534817, 0.0), (75.56737599780725, 26.048269044047153, 0.0), (74.04221393183221, 48.353638306898056, 0.0), (85.54653988885921, 86.78730028935985, 0.0), (16.95406253611221, 68.31225531992054, 0.0), (171.29443368183684, 42.5358238712041, 0.0), (189.30549335701127, 39.02206947409513, 0.0), (6.012518908778263, 130.96334578643112, 0.0), (22.383764695520362, 25.272908479880197, 0.0), (19.46318538752454, 15.680089691892531, 0.0), (21.532361281928264, 23.764529675802798, 0.0))","((130, 20, 50), (80, 30, 50), (0, 40, 50), (10, 40, 50), (90, 30, 50))",011111111111111111111,"{0: [1], 1: [4], 2: [1], 3: [1], 4: [4], 5: [3], 6: [0], 7: [0], 8: [3], 9: [3], 10: [3], 11: [3]}","{0: 3837188377.2283406, 1: 5468699477.592907, 2: 6029011771.391974, 3: 6005400724.693946, 4: 5027703063.583175, 5: 5222244956.618764, 6: 5305279362.324723, 7: 4881466812.786603, 8: 4156594785.208168, 9: 5222244956.618764, 10: 5222244956.618764, 11: 5222244956.618764}"
"((64.74432375062274, 141.9772634436112, 0.0), (109.3241594268367, 80.01052178855593, 0.0), (71.10810487507825, 16.063532763387276, 0.0), (101.3239396452658, 35.942126045151284, 0.0), (103.58954149855786, 67.75619199842271, 0.0), (27.792668511125616, 74.1197122346009, 0.0), (170.4796756498365, 40.69098550295351, 0.0), (174.40233779362381, 36.791926522297935, 0.0), (31.281431718913225, 143.22680933028263, 0.0), (5.8027420646167585, 5.13622007036469, 0.0), (21.269928161583838, 18.01440454882674, 0.0), (32.95858811810812, 10.663621749459791, 0.0))","((130, 20, 50), (100, 30, 50), (10, 0, 50), (110, 40, 50), (20, 30, 50))",111111111111110111111,"{0: [3], 1: [3], 2: [1], 3: [1], 4: [3], 5: [4], 6: [0], 7: [0], 8: [4], 9: [2], 10: [4], 11: [4]}","{0: 3717256641.8041673, 1: 5501128959.871278, 2: 5713511810.254415, 3: 6029011771.391974, 4: 5803577443.581861, 5: 4876882082.954659, 6: 5349661463.552808, 7: 5293265541.672933, 8: 3673439563.7116446, 9: 4876882082.954659, 10: 4876882082.954659, 11: 4876882082.954659}"
"((53.492854501578016, 163.70789129369825, 0.0), (100.53595800413645, 95.78112815243, 0.0), (61.29062242734639, 6.013969831370472, 0.0), (92.98554368034473, 25.09096323524884, 0.0), (103.16712149418828, 73.86119006828592, 0.0), (36.364859514953665, 56.519997765928295, 0.0), (162.5164515580282, 22.38460852141251, 0.0), (177.9294377523106, 25.47170486240912, 0.0), (38.17612043167057, 157.59980529269, 0.0), (10.904954523880328, 22.409121702061565, 0.0), (22.437501876582076, 11.889703455694885, 0.0), (17.976080752857783, 9.338995943328651, 0.0))","((20, 30, 50), (20, 40, 50), (140, 0, 50), (110, 30, 50), (80, 20, 50))",011111111111111111111,"{0: [1], 1: [3], 2: [4], 3: [4], 4: [3], 5: [1], 6: [2], 7: [2], 8: [1], 9: [0], 10: [0], 11: [0]}","{0: 3405730680.365423, 1: 4768823768.785338, 2: 5922237144.150602, 3: 6096201805.09717, 4: 5379640709.568718, 5: 5536422757.61594, 6: 5721920801.232877, 7: 5343288278.69358, 8: 3573272785.927786, 9: 5646564256.494866, 10: 5646564256.494866, 11: 5646564256.494866}"
"((50.47045362574699, 147.1902729859779, 0.0), (101.54238664650175, 82.1338069413372, 0.0), (55.56986259470364, 32.43160851781927, 0.0), (109.35445220307201, 28.82102175726844, 0.0), (74.70328753334168, 81.26351429163483, 0.0), (23.518595087445732, 56.15807731314058, 0.0), (158.6476307911835, 22.80743713787897, 0.0), (168.5343261665479, 52.88358775592023, 0.0), (25.887752304045186, 162.0386010784709, 0.0), (11.009322677827818, 22.63032715590684, 0.0), (5.739153652050032, 30.39257938112865, 0.0), (21.386135124516557, 3.6676656076894503, 0.0))","((20, 30, 50), (90, 30, 50), (130, 20, 50), (20, 40, 50), (0, 40, 50))",011111111111111111111,"{0: [3], 1: [1], 2: [1], 3: [1], 4: [1], 5: [3], 6: [2], 7: [2], 8: [3], 9: [0], 10: [4], 11: [0]}","{0: 3719866579.657899, 1: 5127032995.999075, 2: 5649874779.244344, 3: 6003605262.194582, 4: 5124213589.98132, 5: 5222244956.618764, 6: 5796293666.583902, 7: 5203773797.254575, 8: 3513830912.877739, 9: 5222244956.618764, 10: 5222244956.618764, 11: 5222244956.618764}"
"((48.60983023251614, 150.29385878947116, 0.0), (104.89097930765189, 95.09574827041077, 0.0), (41.901694211051904, 10.421944945876671, 0.0), (116.30575151113436, 20.682031969611334, 0.0), (74.07838745286784, 81.73367863148049, 0.0), (25.88791278071536, 55.56800914896878, 0.0), (144.10017765112377, 7.579885340509728, 0.0), (166.28531396015615, 58.252543408151375, 0.0), (34.7612859374142, 139.9834403962146, 0.0), (2.2468406036770023, 30.10583843796464, 0.0), (30.213967019353127, 42.520399685532524, 0.0), (31.104070612706288, 1.8640191053453345, 0.0))","((120, 10, 50), (0, 0, 50), (40, 20, 50), (20, 40, 50), (100, 30, 50))",111111111111110111111,"{0: [3], 1: [4], 2: [2], 3: [0], 4: [4], 5: [3], 6: [0], 7: [0], 8: [3], 9: [3], 10: [3], 11: [2]}","{0: 3670372582.6148596, 1: 4800406478.512988, 2: 5599602417.378324, 3: 5599602417.378324, 4: 5002696986.390454, 5: 5599602417.378324, 6: 5599602417.378324, 7: 4758034521.419266, 8: 3934191300.061908, 9: 5599602417.378324, 10: 5599602417.378324, 11: 5599602417.378324}"
"((57.04835401075455, 140.61583912215568, 0.0), (95.9789913019521, 87.22852301301971, 0.0), (41.65537416920316, 10.596516122151055, 0.0), (104.26791329639298, 18.722193112814328, 0.0), (75.37623545327152, 84.85782837939892, 0.0), (8.66537601783764, 71.89336716983469, 0.0), (163.4011003326777, 18.725094697751942, 0.0), (160.06155999830492, 45.50502931650692, 0.0), (23.518540744850473, 155.61602178218197, 0.0), (9.528498781279158, 29.889127018335657, 0.0), (18.62143927405385, 33.68990943478808, 0.0), (40.29640069439942, 13.905978167947389, 0.0))","((10, 30, 50), (10, 40, 50), (20, 30, 50), (90, 30, 50), (130, 20, 50))",011111111111111111111,"{0: [1], 1: [3], 2: [2], 3: [3], 4: [3], 5: [1], 6: [4], 7: [4], 8: [1], 9: [0], 10: [2], 11: [2]}","{0: 3727136320.1732945, 1: 5011677213.977015, 2: 5250618143.796262, 3: 6026117103.389395, 4: 5032921455.78565, 5: 5250618143.796262, 6: 5678548493.926609, 7: 5517425270.466047, 8: 3622665307.126897, 9: 5250618143.796262, 10: 5250618143.796262, 11: 5250618143.796262}"
"((61.79602048787143, 113.08926448860106, 0.0), (111.1177243589197, 72.52030386087094, 0.0), (23.287282750063426, 29.80763697989679, 0.0), (91.91981869642001, 14.415088855070483, 0.0), (57.14582415710939, 88.06274894492978, 0.0), (7.850693337249818, 63.06771226456182, 0.0), (162.48170263209465, 2.4052521669616134, 0.0), (189.28113188248403, 49.94119308011402, 0.0), (29.21088326671692, 143.47072787570914, 0.0), (12.882981037460306, 29.637494174179782, 0.0), (29.535870208695798, 30.690320373484425, 0.0), (37.80382326705475, 20.30072537075725, 0.0))","((60, 130, 50), (10, 20, 50), (10, 40, 50), (130, 20, 50), (110, 30, 50))",111101111111111111111,"{0: [0], 1: [4], 2: [1], 3: [4], 4: [0], 5: [2], 6: [3], 7: [3], 8: [0], 9: [1], 10: [2], 11: [1]}","{0: 6047131925.850333, 1: 5431395184.098039, 2: 4246781228.6863484, 3: 5911039326.992916, 4: 5445313911.306396, 5: 4246781228.6863484, 6: 5585037845.809898, 7: 4770029340.751312, 8: 5673797048.238159, 9: 4246781228.6863484, 10: 4246781228.6863484, 11: 4246781228.6863484}"
"((61.84615164766876, 107.9125511844794, 0.0), (115.8434724522063, 75.75659420768629, 0.0), (13.246295634519203, 52.13238846913411, 0.0), (116.92014746461253, 20.547167710077883, 0.0), (48.48785391267049, 89.27356777066652, 0.0), (13.606393495469197, 36.647623247606845, 0.0), (160.02224598415555, 1.6988700988980447, 0.0), (189.10436010249578, 46.975876033725804, 0.0), (17.724100019194186, 159.6729407230636, 0.0), (38.218758471578354, 13.851050073175951, 0.0), (4.778108380978011, 37.84400579304151, 0.0), (18.917951456080868, 13.621348240155719, 0.0))","((50, 130, 50), (10, 40, 50), (20, 20, 50), (130, 20, 50), (120, 30, 50))",111101111111111111111,"{0: [0], 1: [4], 2: [1], 3: [4], 4: [0], 5: [1], 6: [3], 7: [3], 8: [0], 9: [2], 10: [1], 11: [2]}","{0: 5884305187.177325, 1: 5336100971.66888, 2: 4302067154.5860405, 3: 6029011771.391974, 4: 5480767192.701854, 5: 4302067154.5860405, 6: 5632774383.589605, 7: 4808733869.4240465, 8: 5394930281.161424, 9: 4302067154.5860405, 10: 4302067154.5860405, 11: 4302067154.5860405}"
"((40.372606731596974, 89.2929143133141, 0.0), (116.87994819284953, 80.35768085419038, 0.0), (7.063395254229941, 49.9049305239911, 0.0), (103.97193464317957, 9.93558970133078, 0.0), (48.28203556890149, 100.15039516202684, 0.0), (17.08784617524993, 43.149506076858316, 0.0), (176.88180076006122, 16.223641610296177, 0.0), (180.3245282261073, 56.083594416526644, 0.0), (15.834527005701798, 156.9275371275347, 0.0), (51.585864686389016, 3.2819671346765915, 0.0), (4.848373504822426, 36.56332462401743, 0.0), (19.946755680852295, 13.087412343486758, 0.0))","((20, 20, 50), (20, 40, 50), (0, 40, 50), (130, 20, 50), (110, 30, 50))",011111111111111111111,"{0: [1], 1: [4], 2: [2], 3: [4], 4: [1], 5: [1], 6: [3], 7: [3], 8: [1], 9: [0], 10: [2], 11: [0]}","{0: 4533073946.394767, 1: 5199070806.466557, 2: 4533073946.394767, 3: 5972868106.096654, 4: 4533073946.394767, 5: 4533073946.394767, 6: 5305556713.7051325, 7: 4891202168.428097, 8: 3611190745.10731, 9: 4533073946.394767, 10: 4533073946.394767, 11: 4533073946.394767}"
"((66.0699300098297, 93.98161960999215, 0.0), (113.98146851265878, 75.47687709328783, 0.0), (7.289131016500566, 45.09947246573117, 0.0), (100.49388093897007, 1.9141986897987167, 0.0), (65.2025132546818, 124.28138982069862, 0.0), (12.83358084053953, 42.13871008727347, 0.0), (168.662335351084, 44.20122689635312, 0.0), (169.739617031322, 31.327782000260264, 0.0), (16.09513577819591, 153.11388773245554, 0.0), (60.42213255166206, 11.80484998625294, 0.0), (26.390671625485098, 51.92769221550532, 0.0), (30.66754386218276, 12.761694406546217, 0.0))","((130, 20, 50), (20, 30, 50), (10, 40, 50), (80, 20, 50), (100, 30, 50))",011111111111111111111,"{0: [4], 1: [4], 2: [2], 3: [3], 4: [4], 5: [2], 6: [0], 7: [0], 8: [2], 9: [3], 10: [2], 11: [1]}","{0: 4611989167.128578, 1: 5290284153.551302, 2: 5646564256.494866, 3: 5831410170.817506, 4: 3946417579.8714304, 5: 5646564256.494866, 6: 5345429291.083963, 7: 5465052396.874556, 8: 3683436806.240414, 9: 5967306770.710541, 10: 5646564256.494866, 11: 5646564256.494866}"
"((76.7953442707732, 94.28174619399803, 0.0), (104.16657925428201, 84.57560554722454, 0.0), (5.824730086258105, 36.50391788323178, 0.0), (101.73048538845946, 27.862835791191408, 0.0), (83.82549543734687, 143.15224778096322, 0.0), (16.353650599619677, 48.813231084996275, 0.0), (179.13175981866928, 43.37514229027649, 0.0), (178.11429150835932, 5.455511957977084, 0.0), (18.196209328009978, 139.22823361300195, 0.0), (33.56074604404034, 20.19543098217585, 0.0), (20.415599896259728, 79.03252390236, 0.0), (24.130774320322402, 10.840806490180833, 0.0))","((80, 30, 50), (130, 20, 50), (0, 40, 50), (20, 40, 50), (20, 30, 50))",111111111111111111111,"{0: [0], 1: [0], 2: [2], 3: [0], 4: [0], 5: [3], 6: [1], 7: [1], 8: [3], 9: [4], 10: [3], 11: [4]}","{0: 4825105208.504843, 1: 4952444861.669877, 2: 5685314037.91907, 3: 5954695867.012551, 4: 3684638048.1425953, 5: 5685314037.91907, 6: 5098739397.428779, 7: 5214816090.813248, 8: 3973510893.4079924, 9: 5685314037.91907, 10: 5528080443.540978, 11: 5685314037.91907}"
"((77.90256731715925, 86.74880296346387, 0.0), (97.37134371784224, 78.30433581939783, 0.0), (5.389916355119528, 34.723281453179666, 0.0), (111.5048969124279, 50.418090139720164, 0.0), (86.01702722697758, 140.5849205579305, 0.0), (25.565051390620077, 47.25694474508912, 0.0), (185.17311071363366, 46.30208579241678, 0.0), (173.85831469489858, 11.665775281503802, 0.0), (16.04330120510196, 132.67772986515013, 0.0), (28.298985209478868, 47.177205960402574, 0.0), (10.849362006182009, 107.45764864833157, 0.0), (11.217916523508533, 0.27513783325579766, 0.0))","((130, 20, 50), (90, 30, 50), (20, 20, 50), (20, 40, 50), (20, 30, 50))",111011111111111111111,"{0: [1], 1: [1], 2: [4], 3: [1], 4: [1], 5: [3], 6: [0], 7: [0], 8: [3], 9: [3], 10: [3], 11: [2]}","{0: 4998289744.014607, 1: 5254164674.537704, 2: 5250618143.796262, 3: 5774841964.82293, 4: 3735452821.4524364, 5: 5250618143.796262, 6: 4913102969.176219, 7: 5372566325.550034, 8: 4117491324.5092382, 9: 5250618143.796262, 10: 4725810782.599067, 11: 5250618143.796262}"
"((96.06718412314981, 96.20608426542908, 0.0), (77.5402845834969, 83.80858246993438, 0.0), (7.314815562424396, 51.75880106571076, 0.0), (106.35177524058452, 29.27745716782821, 0.0), (82.17267515423389, 119.93006658524514, 0.0), (34.064849262212086, 48.10129923686493, 0.0), (191.96361700919275, 42.58931416859202, 0.0), (170.26312164273347, 13.78228001263571, 0.0), (21.779735503168748, 126.19410510875554, 0.0), (27.985588702856734, 47.263148872046486, 0.0), (24.091655586883455, 87.8037210808399, 0.0), (29.87466491997469, 0.7015812402250675, 0.0))","((130, 20, 50), (80, 50, 50), (150, 150, 50), (50, 0, 50), (80, 40, 50))",,"{0: [1], 1: [1], 2: [3], 3: [0], 4: [1], 5: [3], 6: [0], 7: [0], 8: [2], 9: [3], 10: [3], 11: [3]}","{0: 5252581503.929732, 1: 5666164047.327867, 2: 4751996787.541423, 3: 5876563397.446459, 4: 4676029559.675375, 5: 5203375088.714317, 6: 4782345562.180941, 7: 5481157004.7148905, 8: 3366230338.0115995, 9: 5162242029.05725, 10: 4145222680.9444046, 11: 5250618143.796262}"
"((89.6408134719873, 88.23712502000213, 0.0), (105.2030714757903, 74.07706320077972, 0.0), (5.986482932461872, 51.37683926916659, 0.0), (103.80275230535977, 26.58219563791532, 0.0), (59.297545913600075, 119.97408500434612, 0.0), (33.13030239455928, 68.65403800596081, 0.0), (183.72450905902116, 49.9706649951382, 0.0), (177.3416975221422, 25.88297104611189, 0.0), (13.881156938653458, 107.36803418528802, 0.0), (29.266362271806514, 51.846195044845885, 0.0), (35.16190046517536, 97.44242215926063, 0.0), (45.432333553267995, 1.8851225039171178, 0.0))","((90, 50, 50), (130, 20, 50), (80, 20, 50), (10, 0, 50), (40, 20, 50))",111111111100111111101,"{0: [0], 1: [0], 2: [4], 3: [2], 4: [0], 5: [4], 6: [1], 7: [1], 8: [4], 9: [4], 10: [4], 11: [4]}","{0: 5549824869.847364, 1: 5803860639.067073, 2: 5326830852.155783, 3: 5892622511.779946, 4: 4509877180.770805, 5: 5246493632.735776, 6: 4902255516.8607235, 7: 5286683188.503854, 8: 4153426209.411024, 9: 5673812286.465561, 10: 4480155100.162404, 11: 6012684241.518321}"
"((62.196476053529565, 83.85040907741161, 0.0), (99.3727525114864, 76.07261380865492, 0.0), (23.903052454411565, 34.564100838622636, 0.0), (84.1421354376868, 19.347045563845437, 0.0), (67.38129075041846, 121.01688648749357, 0.0), (37.292961828708, 52.99018800618394, 0.0), (189.25678071008988, 49.33524381597782, 0.0), (149.61644811929628, 32.89133935261372, 0.0), (14.150798260464912, 100.37721222790337, 0.0), (26.75302477767308, 43.312830263180764, 0.0), (31.799107455078428, 118.7083046241647, 0.0), (35.562137367616515, 20.27019921342472, 0.0))","((170, 140, 50), (20, 110, 50), (50, 120, 50), (0, 100, 50), (130, 130, 50))",,"{0: [2], 1: [4], 2: [3], 3: [4], 4: [2], 5: [1], 6: [0], 7: [0], 8: [1], 9: [3], 10: [1], 11: [3]}","{0: 5552200068.307853, 1: 4888650106.330927, 2: 4683873793.863545, 3: 3558534482.6179485, 4: 6029011771.391974, 5: 4955523822.006855, 6: 4119193692.473143, 7: 3768200431.5369225, 8: 6029011771.391974, 9: 4870547528.3974495, 10: 6029011771.391974, 11: 4243874253.636128}"
"((68.41530345297137, 103.3899534084896, 0.0), (82.65069293222597, 62.626671434973964, 0.0), (29.76398483197582, 28.83124038470225, 0.0), (92.12485799958438, 7.465202868711637, 0.0), (59.854117703015895, 94.31228953644319, 0.0), (23.400427875892447, 50.16670129998454, 0.0), (190.36628835617097, 52.20999249467689, 0.0), (149.9063056641481, 31.756543719783224, 0.0), (23.382040102981325, 108.03246142841414, 0.0), (44.11594669018335, 35.791910234805044, 0.0), (45.50361871462354, 133.03393426535303, 0.0), (45.74135900809007, 17.141685901905465, 0.0))","((130, 20, 50), (10, 40, 50), (20, 30, 50), (110, 30, 50), (90, 10, 50))",011111111111111111111,"{0: [3], 1: [3], 2: [2], 3: [4], 4: [3], 5: [1], 6: [0], 7: [0], 8: [1], 9: [2], 10: [1], 11: [2]}","{0: 4314070985.639323, 1: 5430329878.24626, 2: 5140497684.30841, 3: 6029011771.391974, 4: 4382025290.910097, 5: 5140497684.30841, 6: 4716638006.921242, 7: 5927451917.359621, 8: 4692522614.865808, 9: 5140497684.30841, 10: 3966276672.495129, 11: 5140497684.30841}"
"((77.25810052204842, 121.27518932242371, 0.0), (95.20846910457283, 46.03870512242185, 0.0), (36.4516794522227, 2.324861521387927, 0.0), (93.66544323770242, 5.38253369624241, 0.0), (56.544420338091584, 85.53181500927205, 0.0), (13.18397406670136, 31.298116982117502, 0.0), (194.5956446160417, 54.307742358959025, 0.0), (149.43757542277808, 33.20546366782555, 0.0), (4.5805631690185, 126.9807133951833, 0.0), (34.37097141272203, 43.132067910225345, 0.0), (24.65486426186911, 125.09271717343644, 0.0), (48.0366647370511, 9.56192722405589, 0.0))","((20, 30, 50), (10, 40, 50), (50, 120, 50), (100, 30, 50), (140, 0, 50))",110111110111100111111,"{0: [2], 1: [3], 2: [0], 3: [3], 4: [2], 5: [0], 6: [4], 7: [4], 8: [2], 9: [0], 10: [2], 11: [0]}","{0: 4533073946.394767, 1: 6051724158.960052, 2: 4533073946.394767, 3: 5876186287.21779, 4: 4533073946.394767, 5: 4533073946.394767, 6: 4494909488.595151, 7: 5649750843.819926, 8: 4533073946.394767, 9: 4533073946.394767, 10: 4533073946.394767, 11: 4533073946.394767}"
"((73.77562487728268, 119.73357104008363, 0.0), (108.66888588626128, 52.835845820412544, 0.0), (38.01742143839102, 2.4649721865226826, 0.0), (101.29528803440584, 16.844061760921143, 0.0), (48.36695294115865, 97.92233327989086, 0.0), (7.103355239102375, 29.67948328138516, 0.0), (170.12377438527153, 46.02641884493576, 0.0), (137.09817228638698, 24.04420125801596, 0.0), (14.230202652919198, 147.59525843292755, 0.0), (28.564172081879967, 40.45558117763384, 0.0), (29.51059613307933, 106.64061788226148, 0.0), (33.47668095817538, 10.539156004797258, 0.0))","((80, 40, 50), (130, 20, 50), (20, 20, 50), (10, 30, 50), (10, 20, 50))",011111111111111111111,"{0: [0], 1: [0], 2: [2], 3: [1], 4: [3], 5: [3], 6: [1], 7: [1], 8: [3], 9: [3], 10: [3], 11: [2]}","{0: 4115022672.3526673, 1: 4115022672.3526673, 2: 4115022672.3526673, 3: 5794017571.635642, 4: 4115022672.3526673, 5: 4115022672.3526673, 6: 5283318252.6920595, 7: 6029011771.391974, 8: 3598400483.7196264, 9: 4115022672.3526673, 10: 4115022672.3526673, 11: 4115022672.3526673}"
"((68.25553419209406, 144.65993998570028, 0.0), (103.1972852799591, 62.525825974056666, 0.0), (35.95775342322176, 6.974045930572689, 0.0), (98.79185658079878, 9.528501517983955, 0.0), (73.28104839302944, 89.20240586233452, 0.0), (17.125614609165435, 32.61349812059697, 0.0), (178.96439973559893, 41.24234293160414, 0.0), (152.18161778433958, 49.13899993417719, 0.0), (12.472171575114226, 136.2599570804792, 0.0), (34.139641145175176, 39.40839084053209, 0.0), (30.677410078623588, 107.74531481000012, 0.0), (34.175035326686114, 11.068307260141637, 0.0))","((20, 20, 50), (130, 20, 50), (80, 30, 50), (20, 30, 50), (10, 40, 50))",011111111111111111111,"{0: [2], 1: [2], 2: [0], 3: [2], 4: [2], 5: [3], 6: [1], 7: [1], 8: [4], 9: [3], 10: [4], 11: [0]}","{0: 3644747902.489767, 1: 5502937930.672111, 2: 5685314037.91907, 3: 5820487887.033962, 4: 4955315192.161587, 5: 5685314037.91907, 6: 5127664541.625421, 7: 5593665852.154897, 8: 4038292081.072795, 9: 5685314037.91907, 10: 4653344360.296401, 11: 5685314037.91907}"
"((63.70812314680784, 126.28765136339175, 0.0), (104.21198922938636, 32.777146383042485, 0.0), (14.349172664984724, 24.61034096834372, 0.0), (100.3878621840753, 23.896609610427763, 0.0), (74.30305593638771, 65.03123281274034, 0.0), (1.1908192485523283, 31.264609359804737, 0.0), (185.66503004204577, 54.86216355509339, 0.0), (157.41798214842674, 53.242560838879136, 0.0), (13.893866925700124, 146.3787907567449, 0.0), (7.054937150160498, 38.318775298597124, 0.0), (20.48839587840127, 108.54787409958215, 0.0), (34.651817181547905, 23.567564482207086, 0.0))","((140, 0, 50), (20, 30, 50), (10, 40, 50), (90, 30, 50), (100, 30, 50))",011111111111111111111,"{0: [3], 1: [4], 2: [1], 3: [4], 4: [3], 5: [2], 6: [0], 7: [0], 8: [2], 9: [2], 10: [2], 11: [1]}","{0: 3961201603.814985, 1: 6188375667.990538, 2: 5250618143.796262, 3: 6181659683.747466, 4: 5545777567.89851, 5: 5250618143.796262, 6: 4639015311.123276, 7: 5053873781.787963, 8: 3820974151.9465475, 9: 5250618143.796262, 10: 4692271603.648564, 11: 5250618143.796262}"
"((87.89384579543736, 111.31954177319642, 0.0), (106.01584100552829, 16.47946335998872, 0.0), (13.08876447173665, 24.7020113920442, 0.0), (100.72204939458304, 24.290897701222402, 0.0), (89.14676780556726, 69.73986221257177, 0.0), (3.7148960253502343, 29.99338546555443, 0.0), (183.2440363414142, 57.89662868841078, 0.0), (159.24775382208, 61.719438476652826, 0.0), (16.598739942651726, 151.12877317591565, 0.0), (14.70054392953897, 30.50079310080091, 0.0), (27.779494153508402, 106.19689643425512, 0.0), (37.507860723387715, 38.40761869864946, 0.0))","((10, 40, 50), (130, 10, 50), (20, 40, 50), (100, 20, 50), (80, 30, 50))",011111111111111111111,"{0: [4], 1: [3], 2: [0], 3: [3], 4: [4], 5: [0], 6: [1], 7: [1], 8: [2], 9: [0], 10: [2], 11: [2]}","{0: 4378352940.676648, 1: 6080224132.252014, 2: 5646564256.494866, 3: 6080224132.252014, 4: 5480092440.530823, 5: 5646564256.494866, 6: 4632855574.211626, 7: 4959877818.194162, 8: 3724973750.7101912, 9: 5646564256.494866, 10: 4763644833.4477215, 11: 5646564256.494866}"
"((106.14637088209919, 93.19099382813617, 0.0), (91.85807623249282, 38.512577234107056, 0.0), (32.88636830821775, 35.80620976280198, 0.0), (123.6063123693587, 22.75548155413829, 0.0), (88.00791587234947, 69.06625853084208, 0.0), (1.5617543864562502, 39.88431573115023, 0.0), (190.60420900575755, 47.85584467113677, 0.0), (159.3773459532992, 65.01200462104771, 0.0), (25.463332981662322, 157.65449054196154, 0.0), (9.451048694530002, 53.62630322392424, 0.0), (39.43420257901975, 132.60465967353156, 0.0), (24.800620075452578, 40.63906936515577, 0.0))","((130, 20, 50), (110, 30, 50), (10, 30, 50), (20, 40, 50), (20, 30, 50))",011111111111111111111,"{0: [1], 1: [1], 2: [3], 3: [0], 4: [1], 5: [2], 6: [0], 7: [0], 8: [3], 9: [3], 10: [3], 11: [3]}","{0: 4853578310.494136, 1: 5082250885.111539, 2: 4550015825.150452, 3: 6029011771.391974, 4: 5082250885.111539, 5: 4550015825.150452, 6: 4762390728.5023575, 7: 5117130773.166372, 8: 3596306139.862913, 9: 4550015825.150452, 10: 4075518223.449404, 11: 4550015825.150452}"
