0,1,2,3,4,5,6,7,8,9,10,11,12,13,14,15,16,17,18,19
"(41.29086792322765, 2.302047533561911, 0)","(4.2429051693605775, 144.2025521191326, 0)","(195.84432639076655, 24.906948740036885, 0)","(27.2183356511332, 41.082438218800036, 0)","(152.1350077997169, 29.492447755950224, 0)","(181.5410865702682, 128.91796938945703, 0)","(139.94748497567682, 196.3756731741474, 0)","(5.292545540577933, 101.50774711368263, 0)","(163.1722616666219, 106.10051774840164, 0)","(173.60440995238105, 126.5417824318069, 0)","(65.44403623252111, 105.8692453149433, 0)","(78.87912559977642, 117.1167408432196, 0)","(150.13901795835568, 6.146644480437856, 0)","(13.618948271829765, 103.43599253170387, 0)","(170.35262542059868, 97.14239839855992, 0)","(106.72921433857543, 3.748128339246136, 0)","(85.9287106321205, 197.68466356335554, 0)","(193.5903285859715, 123.91539227103614, 0)","(189.52895627942166, 180.0141005279932, 0)","(68.77023815508653, 145.2085975498067, 0)"
"(16.710115366367067, 16.376643015389362, 0)","(7.902113365070777, 167.77836568386476, 0)","(196.3912224104195, 41.63551566138549, 0)","(42.80838005685049, 17.73908077454007, 0)","(144.20600008651212, 5.256218150944925, 0)","(186.04832784707213, 136.58930509300828, 0)","(123.91861902274299, 188.2887615002637, 0)","(2.3821956332993253, 80.14489008424296, 0)","(167.69840106332398, 106.97562025697835, 0)","(173.60272532907, 123.96908219248868, 0)","(61.558804331585364, 92.7692890904822, 0)","(69.65218539402242, 102.49758728983396, 0)","(148.8558151065233, 13.468706910651356, 0)","(37.007085744173466, 101.86588738751678, 0)","(179.29510774001164, 103.51137628831313, 0)","(106.53233769128377, 4.103476555361489, 0)","(83.59591232818805, 192.21549897252342, 0)","(182.73589369877226, 108.30382244756163, 0)","(199.8345023283758, 160.0515676868954, 0)","(70.8703856125149, 145.9063934003038, 0)"
"(17.010751163451054, 16.384871482556957, 0)","(13.991893482663343, 154.70813966420482, 0)","(196.62458322881199, 41.78350734049565, 0)","(13.6362741878254, 18.32092590054646, 0)","(157.7242638421893, 1.7695937178584327, 0)","(172.81985404378054, 112.72790114686374, 0)","(113.91163183826674, 190.3345409478664, 0)","(0.005845531025634898, 90.91734718544659, 0)","(178.3667570652246, 120.15838431840912, 0)","(190.73074422575587, 132.01903180068894, 0)","(72.54111178230582, 87.9893393259942, 0)","(78.99710470519992, 109.79689808034192, 0)","(150.73622308763592, 16.177127761211505, 0)","(28.660138738800573, 94.39930114710683, 0)","(183.19482154331524, 101.18445337542481, 0)","(110.01006912905329, 5.634259703773537, 0)","(72.77901640571062, 196.82866394591557, 0)","(187.781050216025, 124.83088225368189, 0)","(198.93791038650545, 169.77416915616254, 0)","(94.62464711494255, 142.59195178445688, 0)"
"(16.906180245922553, 16.322351799815266, 0)","(22.79904367157107, 127.5359560048183, 0)","(196.22125352348763, 42.19703158415, 0)","(13.06267608072742, 18.007415418349204, 0)","(159.37061568511473, 1.4650067984992772, 0)","(185.9908211509804, 97.59663039693707, 0)","(99.91746446794956, 192.92337097245039, 0)","(25.94715948378565, 91.4557769169692, 0)","(176.836189785852, 118.12256867914165, 0)","(182.59938607798043, 142.82682159955695, 0)","(74.3610022184184, 85.12603300028019, 0)","(75.93490814214879, 105.272775443382, 0)","(145.941764775015, 40.53709569241944, 0)","(25.27692829986967, 86.89137756592649, 0)","(191.9839275178928, 129.2444983521509, 0)","(87.88453401144643, 4.7049255588057814, 0)","(66.33599392356365, 194.53821126932513, 0)","(179.3560016349665, 109.04554742674925, 0)","(184.87341112367685, 188.0117719864345, 0)","(90.20108503201698, 147.31164702391487, 0)"
"(14.42766961984819, 19.41832506131736, 0)","(30.990245001220178, 125.85861531539184, 0)","(194.59843649100006, 44.93197383918671, 0)","(14.526347305722416, 8.06239350713569, 0)","(137.1094839059184, 12.644421788267234, 0)","(196.8556012144742, 115.35145084672811, 0)","(105.8135093609273, 183.71687245400472, 0)","(8.976990321596855, 105.29774512455819, 0)","(193.65201381131322, 97.32624014600745, 0)","(186.31614243334843, 138.61440258420518, 0)","(82.51702897310172, 102.06402216284134, 0)","(61.72120671983087, 96.08394564885619, 0)","(122.81213741704067, 33.03567374174224, 0)","(12.946775114298019, 79.78950860289972, 0)","(192.82332012951179, 111.02079210373952, 0)","(87.93436593158114, 4.69254363643831, 0)","(66.43314436111594, 194.963793221141, 0)","(179.91468140239232, 118.94471122743018, 0)","(172.33683527451672, 162.4199105171985, 0)","(89.74292697407671, 147.39292713071208, 0)"
"(12.104037809563339, 19.46955995245657, 0)","(26.563244088928638, 101.68471865951247, 0)","(194.3314815412124, 42.90434450065973, 0)","(35.88871736734769, 16.863594783711047, 0)","(136.39904353982786, 12.132092692808085, 0)","(195.76607675023365, 115.52448826631675, 0)","(107.54267363775442, 182.17650386432743, 0)","(10.172630491324956, 117.34684500343549, 0)","(180.2992411139693, 96.99184949152286, 0)","(175.52321814171464, 140.4174760070579, 0)","(87.93407326053281, 102.89613191355045, 0)","(55.14201413402948, 95.34503038089804, 0)","(122.7545097807177, 33.08850013691686, 0)","(13.266356047529845, 82.39931055387765, 0)","(180.08621026931675, 136.04779894453196, 0)","(75.83290887591089, 20.476400299901698, 0)","(64.36481867132596, 189.66096875220364, 0)","(180.95978470596734, 111.89084249552539, 0)","(174.66853399059704, 167.13592383244537, 0)","(91.0518292121504, 146.09928025960141, 0)"
"(13.589741322641373, 9.579023613947994, 0)","(30.339073018322452, 80.40618457247706, 0)","(191.90701304957457, 43.030962203055005, 0)","(36.0293291000143, 13.964650204160993, 0)","(129.5634736638345, 1.2237024137063557, 0)","(197.22037905656632, 115.19451440677481, 0)","(116.5127604196592, 189.03500646977375, 0)","(19.698178137060054, 103.62566792521112, 0)","(182.54341881598327, 92.35131524947352, 0)","(196.84749499221232, 151.8266046265644, 0)","(74.95608622769956, 90.54967375383697, 0)","(49.58100507944031, 86.82631110013747, 0)","(144.04835987378968, 17.44689021483815, 0)","(35.568146989764905, 67.8579887655073, 0)","(193.08270117917598, 124.84164290216401, 0)","(69.43882830412446, 10.439514770980134, 0)","(52.352020511695954, 176.68709358871538, 0)","(189.04893466783642, 103.97585082440543, 0)","(175.08838626040722, 188.24476532276398, 0)","(103.94917586270566, 134.80759248704564, 0)"
"(19.175122720458894, 13.690927682375435, 0)","(33.09492779702629, 75.86933913236479, 0)","(192.8723794849356, 39.980342774235964, 0)","(41.3572872053524, 5.161029723690984, 0)","(113.83347622144628, 6.984506576432489, 0)","(198.20628807536943, 115.50114402788024, 0)","(110.78610605537048, 189.56334585580933, 0)","(18.07230222427493, 104.014104706279, 0)","(186.6174503644432, 83.36823495604317, 0)","(196.79135027609144, 151.13029659934838, 0)","(48.69607959055844, 89.20512451645911, 0)","(50.54920655824112, 87.39347198929586, 0)","(125.73795153659785, 7.027136604533226, 0)","(23.839789615026582, 78.37555859815802, 0)","(187.697201634701, 125.20967072398062, 0)","(67.63902646522611, 9.32663584664315, 0)","(51.24871460014286, 157.8572329122995, 0)","(191.75482545347043, 107.42571331813636, 0)","(183.54370300163728, 172.15559471917604, 0)","(102.86226229660016, 135.31036963386572, 0)"
"(12.251315148382421, 17.760840351994094, 0)","(27.437415419493018, 76.54986677453161, 0)","(187.9513148185256, 34.5138407663072, 0)","(35.84245807605403, 2.9876900006728992, 0)","(133.687713515328, 7.7680763778335145, 0)","(181.54525371298013, 104.89634463856412, 0)","(110.89940117073351, 192.72325791085854, 0)","(31.90513201624367, 83.18878958551241, 0)","(186.34516989500426, 70.52441802227841, 0)","(194.51069685973363, 155.13726997809258, 0)","(72.42960837936405, 96.4445824772968, 0)","(51.06543199068164, 90.12139734698158, 0)","(125.40634458496388, 7.124765397988784, 0)","(26.741899007488616, 94.60295651524103, 0)","(197.45556251426098, 135.52359402853315, 0)","(55.73265565558588, 4.045541966603814, 0)","(56.641188602399495, 165.09484044828272, 0)","(194.3734053018572, 107.3269923763806, 0)","(195.99541433455636, 167.49768366107307, 0)","(112.0960823601387, 133.1175350466357, 0)"
"(12.036943561815846, 30.45681780706935, 0)","(27.77383827026087, 94.31171357556096, 0)","(199.2190458327964, 21.150124665498446, 0)","(39.810041742621515, 6.320256511170482, 0)","(133.0123739645267, 5.812819125171975, 0)","(171.8029188851582, 115.63058737808022, 0)","(111.63085174957274, 191.40996886004064, 0)","(32.33064367248613, 84.04888271635805, 0)","(196.23893359440538, 83.71302343229678, 0)","(188.82710780557704, 151.46186758982546, 0)","(63.7288680933025, 101.87950022619835, 0)","(33.27485990933285, 89.23325334260569, 0)","(125.58045298722882, 4.153026908136728, 0)","(15.614502650080237, 107.44717977032566, 0)","(191.249007463309, 129.58188693697497, 0)","(39.13358112951298, 11.933957666908587, 0)","(62.58950258287775, 183.68634876108425, 0)","(195.90121767892646, 119.0919360046213, 0)","(181.32607328336783, 161.05473266970486, 0)","(120.16064744265053, 133.83236880462493, 0)"
"(6.694709164462623, 14.177582870059322, 0)","(30.420852321840616, 72.24779906337587, 0)","(192.27969803499565, 23.01940213646914, 0)","(41.70994714233094, 9.17887154983948, 0)","(133.5287640017605, 6.95053259814594, 0)","(167.59247030277933, 103.57655495784282, 0)","(138.77590284171583, 196.7717586411562, 0)","(39.04453388603113, 85.74510922601684, 0)","(190.66659502780513, 90.75226399342023, 0)","(194.20039215811747, 168.77369441768784, 0)","(77.42582702955565, 84.09111820102551, 0)","(33.14374420442533, 81.41953856912335, 0)","(146.14754222467968, 6.862746784574032, 0)","(18.4614238057911, 116.70133331432123, 0)","(199.10775695034394, 128.37209492941548, 0)","(41.36468092512827, 7.32662001233999, 0)","(90.1992709996656, 187.57611624048243, 0)","(190.15002514455963, 137.3810163864859, 0)","(174.4101281559378, 164.18078541377045, 0)","(133.63209277748777, 116.29239047353312, 0)"
"(6.073528374057349, 16.964951361534997, 0)","(29.675695771265527, 79.57866034901232, 0)","(194.24413182748742, 20.61187911733461, 0)","(41.46583736989309, 12.336763660532245, 0)","(134.9207129640332, 8.61690428951034, 0)","(191.7430310622139, 113.77940011427002, 0)","(142.1321329006046, 194.65914389268573, 0)","(41.28782004609142, 85.11480367732551, 0)","(173.97655434791344, 102.14988166541384, 0)","(199.85210227514332, 195.0639181077996, 0)","(71.97415106782758, 106.98764941308536, 0)","(35.463727676136315, 83.94562601520441, 0)","(155.8968822192998, 33.040229847257976, 0)","(33.841196994010375, 98.27396778454923, 0)","(190.54993718949385, 121.43744967834157, 0)","(31.046543251917576, 5.309451011232254, 0)","(97.0551754152587, 190.46371446569012, 0)","(196.83595238995855, 134.2848153028965, 0)","(188.79688654392035, 149.70643456670086, 0)","(160.51833642579388, 110.82588294626048, 0)"
"(1.1290684934162645, 27.449220461566444, 0)","(7.172724487189445, 80.64374958120015, 0)","(194.66782788003772, 24.119920201451457, 0)","(41.461787709325115, 10.509750011849109, 0)","(121.52835363128547, 12.743812816137456, 0)","(196.17266673615106, 118.79506674857309, 0)","(157.72696739626562, 198.5588060215238, 0)","(43.80716732704739, 88.75869928604575, 0)","(180.03581979753838, 115.12878148324157, 0)","(179.04955653803978, 176.45543637108617, 0)","(81.09377393966022, 113.01273889821628, 0)","(47.87764438263479, 88.0743420890093, 0)","(146.17015179644085, 46.74160219824904, 0)","(47.01969496063006, 122.88469929952376, 0)","(194.48346064131883, 110.27929312279984, 0)","(3.2084928325239197, 14.346290325822054, 0)","(100.63819017250685, 193.31420948478214, 0)","(196.79130013100294, 133.95898297856039, 0)","(199.18083452452174, 174.08420480733267, 0)","(160.26654989158013, 110.14985610380386, 0)"
"(16.589010278597293, 10.830950604709447, 0)","(33.61366305221262, 69.10105950282133, 0)","(192.55597988899467, 2.8917158598493167, 0)","(17.11782923183817, 23.02248682177727, 0)","(137.70632475697795, 6.449616056249731, 0)","(196.0783322137498, 118.73891968466452, 0)","(161.78248356332836, 197.2713642055403, 0)","(44.604737241537165, 90.06650168794181, 0)","(170.11711286802313, 105.82600844022608, 0)","(182.8623179592457, 170.12040950637154, 0)","(76.86103331307973, 114.42646775000007, 0)","(47.09950326850356, 88.6727349388305, 0)","(145.8818282875586, 46.21306222084243, 0)","(36.93961646966891, 126.38389556462987, 0)","(184.94438499840447, 87.66636088043366, 0)","(7.940156555114498, 7.631221098584453, 0)","(107.84172882181095, 188.93786619720237, 0)","(197.93680302504757, 134.0304991158331, 0)","(193.9592973832626, 151.64248248806427, 0)","(160.87455336559142, 93.387368318152, 0)"
"(16.30632060012471, 11.985532228059293, 0)","(30.24808744525385, 78.04134889646826, 0)","(199.57419790442816, 17.075657138015785, 0)","(18.518109499120126, 44.42342679044826, 0)","(142.01815606166411, 10.681337435828262, 0)","(189.36462591465892, 144.23812929031843, 0)","(182.23816586582012, 192.8893165335996, 0)","(29.371504089767726, 82.68014997796182, 0)","(177.62751851922133, 101.94319872969363, 0)","(184.87313411711887, 174.29752330271998, 0)","(69.03519901621145, 96.92317002261393, 0)","(42.475760989152114, 87.50341173792138, 0)","(164.23026345721684, 43.963269296415014, 0)","(25.810979437883432, 126.94372248542876, 0)","(196.41414540630743, 109.2440965765592, 0)","(3.0638798179133344, 14.098723901046636, 0)","(121.06040172253353, 182.7139702764385, 0)","(192.96831141167598, 140.24369857927306, 0)","(193.94158641995168, 151.64780227257555, 0)","(163.5078510039164, 105.47958870554152, 0)"
"(36.578865135003795, 8.461432093557574, 0)","(36.91596918058382, 82.55998254388757, 0)","(171.81237051896792, 6.242445831901177, 0)","(29.783910968211803, 46.658993571126125, 0)","(147.21403329656266, 12.267552481070364, 0)","(180.77051611523532, 128.09844325448358, 0)","(192.04378156879756, 175.81260701126544, 0)","(48.79798014354077, 87.25581533669651, 0)","(178.63035847336906, 130.99684926408955, 0)","(185.59420299584147, 168.0878767468491, 0)","(75.2592519004541, 106.66809433464208, 0)","(32.14127175682185, 86.21605920567147, 0)","(151.0830119677968, 29.110647667584807, 0)","(42.4955808512961, 142.89099123848334, 0)","(176.45529830960774, 98.93806132384492, 0)","(12.457053516273533, 23.17368105020296, 0)","(137.2795878143705, 187.74489894316326, 0)","(190.2668696414146, 148.06867208035888, 0)","(190.9712884379141, 141.15266221150017, 0)","(164.61190616454618, 104.39649556177861, 0)"
"(63.498071460897, 7.122769615996007, 0)","(38.69552868864711, 93.51952632826841, 0)","(169.59666659354855, 6.772175410102552, 0)","(16.79301489597642, 28.1140617260255, 0)","(146.8882893285825, 12.413176205826463, 0)","(170.3148230122352, 115.98287106548675, 0)","(188.14669053413013, 197.76663775155467, 0)","(30.856645169095263, 92.7355618737932, 0)","(180.71485220274576, 113.13476244215653, 0)","(194.84444368515332, 158.79098187926323, 0)","(59.56181776676342, 95.10493873421025, 0)","(34.65941165067769, 78.07785343105755, 0)","(165.10040836659903, 43.88692514452556, 0)","(42.50622886804057, 144.60551485466505, 0)","(190.45930831093375, 109.8208975660058, 0)","(1.1388828571880598, 13.52245973593832, 0)","(123.54385307567378, 194.19218302834636, 0)","(188.89235450402072, 147.51184576457567, 0)","(198.41834286818982, 144.7293933351429, 0)","(158.3660957140338, 95.82108439932188, 0)"
"(70.37355637384746, 10.906369325197083, 0)","(30.428729807721776, 111.98295246683075, 0)","(197.0751683703333, 7.346643515729595, 0)","(2.6739718887995494, 17.624977479095648, 0)","(123.73274499604996, 29.411341659147592, 0)","(172.75312408041123, 110.85791149368437, 0)","(173.93216134863536, 198.06614509192698, 0)","(38.45953885773531, 97.4574598647858, 0)","(184.74068729820033, 114.6388544005755, 0)","(184.3686527056823, 156.2080713934183, 0)","(70.83480938972323, 112.29934889633643, 0)","(34.42204077586968, 76.92228765657399, 0)","(166.28961969527526, 44.81450268454768, 0)","(42.209769904408326, 143.89341300023406, 0)","(194.45642840784416, 105.83923350290124, 0)","(14.446644310823295, 35.59908062901357, 0)","(129.93341072231843, 195.39436577502, 0)","(195.22267921784143, 151.17969616102005, 0)","(194.02645924289212, 165.6018927093678, 0)","(166.43955836203554, 101.42384346579857, 0)"
"(71.18248710156466, 10.59785068311247, 0)","(23.218763190716523, 103.56121479145611, 0)","(189.42778136092, 2.4603110789249936, 0)","(28.819853063948038, 13.167911204510943, 0)","(120.16582904132123, 27.384905197739876, 0)","(172.08010003560338, 117.29154885367828, 0)","(185.93177997326436, 183.22863993299254, 0)","(34.898822544133246, 100.5211745197821, 0)","(187.30024160586186, 93.4432220524919, 0)","(178.27264345997938, 158.64168916603154, 0)","(79.80533777374097, 114.35667641727785, 0)","(38.77814225494665, 84.78483171730447, 0)","(161.66955227736162, 41.17998578348173, 0)","(40.29236293699253, 142.6515962257322, 0)","(190.9354105825075, 101.0362871555045, 0)","(18.633245821689144, 46.123775144769546, 0)","(109.44567815509113, 185.69865518633023, 0)","(198.58276626976203, 148.76269960386114, 0)","(175.1885486102634, 167.61509474491993, 0)","(195.83774623625393, 104.95786654881064, 0)"
"(67.87365252143476, 11.362691827207074, 0)","(14.191797813895024, 89.03476614650218, 0)","(189.24790008698685, 2.674534617375105, 0)","(9.45546454268975, 22.428339396705226, 0)","(119.04199011984322, 4.77404834802449, 0)","(174.06776310168726, 114.05295929599463, 0)","(199.5500276387339, 182.17021910414357, 0)","(48.82838959349141, 97.0907951471738, 0)","(190.68640628141642, 71.3540738809336, 0)","(184.86609495816464, 159.71972789056355, 0)","(85.48125940060396, 116.52214207262409, 0)","(31.770756907759985, 80.7205747877791, 0)","(153.5786515380729, 34.04004556400053, 0)","(37.35542020371417, 145.9272257886581, 0)","(170.41625148144723, 94.74068744609403, 0)","(28.204251811454693, 45.674728443296466, 0)","(98.77891984532322, 182.05409192587166, 0)","(196.21027928806532, 152.13235239190143, 0)","(186.66062766400626, 184.50148556342373, 0)","(188.23673521443484, 95.83685398253985, 0)"
"(71.92887997476913, 11.145176902393, 0)","(0.9200579955188832, 96.35751024393966, 0)","(188.91141218502742, 7.158511345678001, 0)","(17.86371617125385, 9.738878818833197, 0)","(117.66538544829226, 8.322311298535073, 0)","(169.0685098774778, 106.27399825156745, 0)","(198.9766959363305, 172.290378752897, 0)","(43.91082527703083, 91.69729944246404, 0)","(187.58703089845105, 73.12827419887608, 0)","(184.01890644223033, 159.1424592948827, 0)","(102.39871137437049, 92.4621384516068, 0)","(34.22592720601464, 80.16843843482103, 0)","(153.38110999948674, 44.60624129375943, 0)","(38.40949798402119, 147.68469453246564, 0)","(154.05802343473235, 94.21355405247195, 0)","(39.70352713497269, 29.023534039295523, 0)","(112.31505432520288, 194.7544732752552, 0)","(184.74771900916522, 154.5648242510962, 0)","(190.0340083671541, 182.929852539615, 0)","(197.867396383723, 99.45455799147784, 0)"
"(73.59072504665374, 12.752978894711172, 0)","(4.752824887553422, 85.14908183485917, 0)","(197.8481962112728, 6.092833445724356, 0)","(7.611128315105935, 7.516117766961784, 0)","(114.3134485960022, 0.8596386120801967, 0)","(173.75527322338073, 103.90244107382327, 0)","(197.43504205610557, 177.07012296389465, 0)","(29.50936276069391, 114.08760956322956, 0)","(192.53769911405172, 75.89728240738023, 0)","(179.512672813039, 149.36850174784564, 0)","(103.28448782400221, 94.61219250329704, 0)","(33.64985302120074, 83.1679954643497, 0)","(152.37836779222323, 41.103798259686876, 0)","(40.283729347617594, 131.7679368979628, 0)","(166.79384081093903, 93.40094391923456, 0)","(38.059968777574895, 35.948435981984154, 0)","(112.1558095339246, 194.56245568042618, 0)","(182.36490935883222, 165.58038996311345, 0)","(180.4806970874983, 186.6079228846676, 0)","(198.89988107484598, 94.83470574403857, 0)"
"(77.30172245122304, 15.278853503623612, 0)","(10.927397301860603, 101.03998891403417, 0)","(198.09179499056225, 6.281577304204809, 0)","(11.345522812799008, 0.9510134235257253, 0)","(131.03492408606866, 17.05892809172335, 0)","(178.0373845888176, 106.11860733863051, 0)","(192.81537555127193, 182.9802556249318, 0)","(33.898777002045364, 128.71143718898279, 0)","(196.01729447724392, 47.84542335256446, 0)","(176.36194160776145, 160.37051151424595, 0)","(95.85367078335051, 76.38990962070018, 0)","(15.175489772297869, 89.0957641254672, 0)","(151.4355497712687, 44.05160217059975, 0)","(34.59170512435689, 135.32310545810213, 0)","(166.7902513689673, 99.19722394454013, 0)","(15.856310285094242, 20.206874138235854, 0)","(115.55577684780722, 186.93264683844097, 0)","(184.91270535023037, 159.5835215914945, 0)","(176.44098483193795, 185.0034761597301, 0)","(172.2690532544817, 92.0627655232657, 0)"
"(69.0139685733641, 9.251667730477667, 0)","(4.4249512322963716, 108.89458204642612, 0)","(199.24286409380449, 5.7081566405995, 0)","(4.620181154832163, 8.928161422290716, 0)","(138.1731687496738, 15.160428268637837, 0)","(186.68233677678523, 100.46349631551821, 0)","(189.5736248570984, 187.27773189973533, 0)","(32.44053175920911, 133.63144791587337, 0)","(197.2033359827584, 40.92772150225995, 0)","(178.75843739761166, 176.56328125365064, 0)","(89.81959907728013, 69.91300149520816, 0)","(1.3152275320230764, 76.2907993898905, 0)","(151.60500507685126, 44.15679223753715, 0)","(30.695202729573747, 134.89928974025605, 0)","(180.71378901186674, 124.28052881460725, 0)","(14.966267929015373, 21.509668883120323, 0)","(120.60774270976235, 199.21172359313266, 0)","(190.0114435389135, 157.49846085275078, 0)","(197.15943950330393, 194.2149827302259, 0)","(158.48604890894512, 104.87330351648122, 0)"
"(67.56545289967066, 9.003190665116431, 0)","(7.167196421623572, 110.73208554856954, 0)","(197.84175056303835, 11.369361581573642, 0)","(4.689719603218258, 9.709115470019771, 0)","(152.6128904519742, 10.48372215222684, 0)","(186.4215612505311, 115.37839845840838, 0)","(173.67502403614165, 185.8950632003184, 0)","(8.09658311168776, 144.5934027009895, 0)","(190.87679298704907, 47.761387316295725, 0)","(175.64693983709284, 163.80938613168522, 0)","(80.31540337531958, 57.19349642429051, 0)","(2.0531532005792132, 76.58498093175051, 0)","(157.20852009799773, 43.38361623199954, 0)","(40.54279680460654, 143.6414476567001, 0)","(187.89727038942542, 121.97065822003056, 0)","(15.9006088704491, 11.056309352438051, 0)","(114.2771127248218, 191.77636440968672, 0)","(191.61054835882314, 180.3938726511066, 0)","(195.1943499447023, 196.47214046793016, 0)","(180.60418929719805, 116.13730545978608, 0)"
"(70.24907435802804, 15.122284059113817, 0)","(32.25442693287282, 105.82322857050276, 0)","(193.61652458346086, 7.132720748777769, 0)","(19.392517599960367, 5.533298481526451, 0)","(151.25017474057694, 11.7445657222749, 0)","(183.54566724456478, 120.37709141921334, 0)","(172.98690732656573, 191.6635730787736, 0)","(30.07509640406129, 132.72511861172921, 0)","(173.10851322121826, 51.03311211339665, 0)","(178.458117004768, 174.42293503488753, 0)","(84.94169211741772, 63.28718124881521, 0)","(4.324012315326009, 77.10410913882754, 0)","(174.48880296257568, 57.26172584572022, 0)","(39.03777795308198, 141.25528018724793, 0)","(180.592189024288, 110.95553151602097, 0)","(6.9490670022888885, 2.613819919363996, 0)","(113.68056119224838, 190.91075318501134, 0)","(192.20761378537617, 177.17407349041687, 0)","(192.1457237382546, 194.72003093122504, 0)","(189.26334725196278, 116.43188334645005, 0)"
"(64.80883576859172, 2.0531167332788876, 0)","(40.84661727665461, 93.87273967707401, 0)","(188.46202582270485, 7.973621480557241, 0)","(17.877746458282974, 12.257180049821343, 0)","(151.11979478664472, 13.698969148113626, 0)","(188.92627794810767, 106.6438604892902, 0)","(171.54314863657757, 192.3504209431618, 0)","(26.377776641359826, 129.58572926110796, 0)","(186.436775357444, 39.26590008243864, 0)","(180.87244868935488, 173.01583369815862, 0)","(84.81318822707266, 63.87266429303178, 0)","(6.136943857153344, 83.26157601514004, 0)","(172.15846977729288, 48.362447627110456, 0)","(37.877330114008, 115.47440365753353, 0)","(173.99110080606903, 111.62678193331206, 0)","(19.088237900048583, 4.002660390968396, 0)","(85.9421404564767, 198.69230336661602, 0)","(181.86079433210858, 173.35132612005725, 0)","(198.27232219560318, 189.09095888278435, 0)","(186.13217052600794, 130.31599658576573, 0)"
"(93.45477102222256, 0.5009173141795029, 0)","(41.02174403201209, 83.7933415510386, 0)","(164.34739196271946, 5.689967976310609, 0)","(31.79452313881589, 6.344954115933175, 0)","(152.20099586391348, 16.436367155024225, 0)","(195.47868004573775, 106.92131779447742, 0)","(168.54924092271276, 193.38150573115635, 0)","(29.776176200516698, 115.73111189693896, 0)","(189.05512491341156, 45.40828990135747, 0)","(196.87863715611618, 154.56031751684029, 0)","(85.78389585249562, 64.11326568183995, 0)","(11.896391189449783, 83.42061062129254, 0)","(188.9818395896932, 72.94325026354416, 0)","(43.322857167989, 140.26978303681017, 0)","(179.99380066458974, 108.5195557618822, 0)","(20.722664867327822, 9.507844422923192, 0)","(93.50662606937485, 198.75407782147784, 0)","(184.2048085049011, 176.4522031511197, 0)","(178.0660881991119, 195.92140959460156, 0)","(194.8835362359209, 118.49694849344564, 0)"
"(118.25028738179275, 6.350553653459073, 0)","(44.111145979049724, 87.1570753512165, 0)","(155.00165263438825, 16.181316010899184, 0)","(32.07804466392074, 7.012916329663419, 0)","(147.96391587112106, 9.164002581436387, 0)","(192.19001629851292, 90.03403533226118, 0)","(169.156696112533, 193.4977398342123, 0)","(22.42551767693524, 138.4806682539277, 0)","(168.41425711022944, 46.50048323182956, 0)","(193.35568883475779, 148.93499216069762, 0)","(84.30267046570545, 57.600652870967, 0)","(0.7735555475509024, 87.2732159874542, 0)","(187.50376234208676, 74.51451340172548, 0)","(40.285236256771164, 137.26853048821684, 0)","(170.45377202031992, 93.93028887211665, 0)","(20.27021729058869, 10.54552358907097, 0)","(109.4464630440646, 177.0568580551788, 0)","(173.61493550772084, 174.9756890163895, 0)","(172.64797956902137, 188.37576441935224, 0)","(199.10495462591012, 116.6103936593262, 0)"
"(119.15659682257292, 8.411908306092649, 0)","(43.276385255707794, 87.95094906823597, 0)","(156.16064406184424, 17.50474913681509, 0)","(25.18881498125755, 15.203574456616494, 0)","(126.7034376084361, 2.6420954622674815, 0)","(175.9894570949774, 93.85205731773306, 0)","(185.01321336315291, 173.53706779411166, 0)","(20.553664124069567, 134.00779835993688, 0)","(165.51470975129803, 43.41336823253089, 0)","(191.67543570308317, 162.82225000313437, 0)","(92.32623378858563, 70.45684539059492, 0)","(7.5585438750569, 87.57716190436429, 0)","(195.77557275245803, 71.22940523038099, 0)","(36.81254414619811, 137.3540986640832, 0)","(178.41724413023533, 100.23849114089913, 0)","(3.657187123973017, 10.185274039860555, 0)","(110.32598120055238, 183.78708995999446, 0)","(177.94186898161624, 196.5607143789812, 0)","(185.8855060629158, 199.56479771620266, 0)","(193.7095139713241, 118.92074825253773, 0)"
"(120.14126172579944, 8.19425656794572, 0)","(40.994736655348404, 87.63332001777832, 0)","(147.50511868562762, 5.796621308776054, 0)","(54.42468714547428, 17.380843653380346, 0)","(130.31571276805565, 13.05521623419897, 0)","(172.84880881342374, 93.86460396893956, 0)","(186.7494073730777, 169.49783051145266, 0)","(40.45448440746546, 144.4158294533875, 0)","(165.0476317410009, 39.73765125137667, 0)","(196.51331678930535, 151.33676871443473, 0)","(92.00115256735543, 73.45332194274708, 0)","(6.019448210355141, 90.28914780347328, 0)","(188.2935256523148, 46.86023006173508, 0)","(44.49967431159454, 124.3894012154701, 0)","(184.9247194458046, 104.83643088946813, 0)","(7.800376768163532, 1.6116532692155854, 0)","(114.09087302741871, 188.87963636860866, 0)","(180.62835713085335, 195.4325278262563, 0)","(197.73802063292854, 176.85966429040457, 0)","(186.6387748028572, 126.09801097396692, 0)"
"(109.84226558181489, 5.265832721820599, 0)","(47.856838837592306, 92.12451284820554, 0)","(153.96016324558116, 10.775024492454575, 0)","(69.37406067880136, 20.024971091080317, 0)","(137.63294073447156, 10.361746741401044, 0)","(176.69318725117304, 106.69243378174588, 0)","(195.07167080529902, 153.1887620760238, 0)","(30.848392936910173, 146.62116721316033, 0)","(149.27372017290074, 34.92718462481805, 0)","(191.90852147888538, 156.86577561048173, 0)","(103.43471667107194, 97.55838771893995, 0)","(9.768990649924156, 84.81628982918367, 0)","(188.34628565691688, 46.95208549985278, 0)","(45.63238033791948, 124.09583717426901, 0)","(178.23339088133937, 107.14977821668533, 0)","(8.934538807668847, 6.254023275398331, 0)","(123.8483919734241, 182.56284853514256, 0)","(170.4134290945595, 195.76341679447674, 0)","(196.01161827340997, 165.55059558264355, 0)","(190.29390797943017, 116.6639132746162, 0)"
"(86.72304781015058, 3.384576085217015, 0)","(31.08727983374575, 93.16938125906381, 0)","(147.23151819591033, 39.98476352180759, 0)","(69.08958054243267, 21.654102547797944, 0)","(143.8843060239736, 5.156017843525408, 0)","(189.69454311302275, 131.58429746174, 0)","(198.04286849245474, 141.93060206362424, 0)","(13.767884916467178, 159.91885975739913, 0)","(151.39961844637216, 35.96101823838872, 0)","(199.69090132405182, 159.34391146113646, 0)","(79.2366198774427, 102.83620828471369, 0)","(8.837617069769014, 84.66242754127359, 0)","(183.46834425393874, 45.86932853278795, 0)","(45.2673616719288, 133.78717050364483, 0)","(178.89245996968103, 108.28085871872241, 0)","(25.19068294194555, 9.978959155896563, 0)","(125.10309780974312, 194.14546367315046, 0)","(187.05404744221462, 180.2419858350213, 0)","(193.865146764614, 163.579563140213, 0)","(185.23677860298145, 92.78430361616695, 0)"
"(87.84610925352447, 1.802149857385473, 0)","(5.263251717942101, 91.69664040482229, 0)","(122.12026630728947, 33.86649351586954, 0)","(66.47596368746035, 8.218340181543901, 0)","(140.77368628252856, 0.9552436573802687, 0)","(179.44930649982663, 151.46384774141114, 0)","(198.6252527640272, 142.0529529139631, 0)","(3.5136177815763663, 178.58862033047882, 0)","(156.01957706703706, 39.63799467047153, 0)","(194.51283148135636, 167.80204653204206, 0)","(78.25349578316732, 109.54811471934589, 0)","(8.703070823573656, 84.65312304951698, 0)","(191.34027027813093, 65.70066790771914, 0)","(44.83328160880387, 127.33475546702027, 0)","(193.0642742628625, 126.2809738324761, 0)","(26.727188508965366, 7.703466055382354, 0)","(125.7809963763737, 186.6682810528067, 0)","(173.9826283098247, 172.0708480547974, 0)","(186.56063555781444, 161.71333590892252, 0)","(179.58737230462975, 99.69042876155748, 0)"
"(64.21527517588889, 2.969657507831566, 0)","(4.263907900804008, 92.00356390586433, 0)","(127.59345041772829, 19.92791553956186, 0)","(48.571071901303206, 19.364212864877878, 0)","(140.843403028532, 2.054311462787422, 0)","(177.94929211634053, 146.10816957031855, 0)","(198.91387129176528, 130.6151602523179, 0)","(5.11720459968254, 179.71019683225123, 0)","(145.6260483116993, 13.5464882781929, 0)","(195.8247173106971, 170.3441671790399, 0)","(82.18687333946619, 117.01776419493041, 0)","(11.448178821703367, 85.62469769349522, 0)","(192.2847778641158, 63.530189081760334, 0)","(57.9126417824274, 148.91914826036995, 0)","(174.3395216199402, 131.21233362310264, 0)","(0.4429122855275409, 2.840050674394514, 0)","(105.7847208556714, 188.2064537228934, 0)","(183.70329622075985, 165.7029263043723, 0)","(174.3081655363832, 166.6828342038125, 0)","(180.54230594427247, 129.11694555167026, 0)"
"(43.963772234950895, 18.05029793238287, 0)","(7.524805184991017, 92.32387046597788, 0)","(124.39236368435007, 36.71768542072715, 0)","(53.6573738872954, 9.243875633014046, 0)","(135.35875675940414, 9.840967682190007, 0)","(177.08411874706917, 159.0934684516628, 0)","(188.0048262011704, 111.42658253001889, 0)","(4.762063108733949, 197.76092399657725, 0)","(149.7398099934408, 31.775628582664744, 0)","(190.90104915515468, 158.25741063245306, 0)","(73.2615920098076, 117.38850954687341, 0)","(11.885410596537906, 99.98208196173499, 0)","(196.2512338309561, 61.66712233606792, 0)","(72.7025259140659, 147.754861148927, 0)","(197.87218341394234, 146.48209676718403, 0)","(13.383380065383264, 1.30577994464397, 0)","(110.59317069040243, 198.34964761311235, 0)","(179.45253578904163, 170.29100988208867, 0)","(176.90572327492023, 158.9029175787332, 0)","(177.4133997636205, 135.80066898732025, 0)"
"(45.36791754956442, 7.5629726024416914, 0)","(1.0094626952804262, 90.70729670663468, 0)","(123.50583965145981, 37.023924472029115, 0)","(36.90307041730625, 4.285924471579393, 0)","(156.3540781134704, 0.05474889965672247, 0)","(183.82858175972507, 147.78844324950416, 0)","(186.98686729137884, 113.85498212904561, 0)","(7.854513563261994, 178.4891027270508, 0)","(150.8072501072745, 31.70875397414365, 0)","(196.0779442399984, 158.5359134581531, 0)","(52.58706031005432, 96.57685019900936, 0)","(13.824693848426927, 101.83394302904033, 0)","(193.19522071287074, 62.9406417862192, 0)","(70.90847824223775, 146.0596561305617, 0)","(196.81358606367394, 167.9541239153051, 0)","(14.691522022186703, 1.6102174054337512, 0)","(93.99887689523986, 197.66492122605405, 0)","(192.69921749322188, 165.46024591053234, 0)","(176.04107026157237, 144.3569908922213, 0)","(176.3548718599081, 131.20510317399436, 0)"
"(58.29958646179522, 21.343944608351343, 0)","(6.373536617215929, 76.24619854134164, 0)","(151.16189117029654, 36.055057705041676, 0)","(37.51054606221324, 10.126523330138653, 0)","(185.7094117347828, 0.5577738236142136, 0)","(196.5343284838747, 125.3529078304757, 0)","(188.61642958811203, 132.45406327489042, 0)","(7.827781336297324, 149.07917966282463, 0)","(150.3323464776033, 32.725677184457176, 0)","(196.06358978060362, 158.9121600137106, 0)","(54.790065410180574, 92.80152755575965, 0)","(34.64900430979021, 98.35254241457199, 0)","(183.1664826635747, 40.44784869492538, 0)","(70.58681443126446, 146.548193227367, 0)","(196.7530887676572, 178.4282020601076, 0)","(5.109175266610372, 4.99998085863921, 0)","(96.56228304697933, 198.72189418683087, 0)","(194.54621413050245, 167.86536515409418, 0)","(179.93419326397287, 150.38702706932958, 0)","(179.83685475633445, 130.63159495913462, 0)"
"(52.13342997267694, 16.5440991746972, 0)","(9.79681384931421, 99.62204234211733, 0)","(152.55932904478192, 34.637921345089566, 0)","(32.44350604206777, 6.0081057179626, 0)","(191.40764103545501, 3.0099408057868935, 0)","(178.40272131370682, 143.29651763409515, 0)","(188.90021381456728, 133.5107503230347, 0)","(16.826833603537196, 150.83519315096487, 0)","(151.04349639289325, 5.14142058569718, 0)","(175.4323577191391, 146.4278955008891, 0)","(66.60756929728271, 116.45446090236663, 0)","(33.91274453452814, 97.01498389696633, 0)","(176.17911461147855, 44.86272238102341, 0)","(96.05600612232456, 142.18968607416784, 0)","(192.06686357637827, 172.77610282879164, 0)","(21.385718777511876, 12.17279715028732, 0)","(115.80021860145855, 178.44984041045808, 0)","(196.76972809338974, 181.8858852569691, 0)","(199.55320112044015, 172.30836375741382, 0)","(177.49144793911506, 126.16516914868193, 0)"
"(41.87879876867501, 14.288350853561953, 0)","(20.184481175183684, 85.21425314744673, 0)","(167.76259259510388, 42.4890327916696, 0)","(18.82227007959265, 12.328616091324992, 0)","(187.7299755927791, 6.673103541138781, 0)","(178.8318629514519, 143.78340355131886, 0)","(177.648214330051, 106.1311359220397, 0)","(32.04946760828811, 146.89037526306038, 0)","(148.80981734134235, 3.730572157891311, 0)","(191.86172584214117, 151.9201828913333, 0)","(74.55135576437044, 88.93492565453253, 0)","(31.071555163385362, 113.90868731569769, 0)","(175.42352480381732, 44.754244496911944, 0)","(96.93257566383379, 146.85975179610205, 0)","(177.18392979750345, 151.5378004010968, 0)","(36.06431360177596, 0.5859346867697699, 0)","(110.9184200559292, 180.63577305771386, 0)","(185.97102221337624, 180.46659005875293, 0)","(199.43334680724945, 178.73933324589441, 0)","(193.8815213118062, 126.4337656374364, 0)"
"(22.531970827702207, 4.048702219731728, 0)","(25.413139673449685, 101.97359553964367, 0)","(168.5683704772764, 46.035169191509205, 0)","(18.64399321513708, 7.394014933128549, 0)","(194.2167703052894, 9.98630275579271, 0)","(178.18102034183144, 133.57927940266856, 0)","(180.15929390681788, 108.00772114074088, 0)","(30.6587488330256, 146.05316468997745, 0)","(142.9498581328229, 1.0738744897106969, 0)","(191.20070324453837, 147.59743322317357, 0)","(73.30013417609652, 81.29052337146473, 0)","(33.33244254533579, 114.09075689342822, 0)","(159.196757903565, 40.87992989912384, 0)","(87.6009124845298, 146.7740029590193, 0)","(184.7851484026319, 167.35785005207725, 0)","(44.34077273797102, 3.8478629135347417, 0)","(114.62083718695672, 173.61259599102425, 0)","(178.2186950936269, 191.94596964557198, 0)","(176.77034074492508, 168.2141038921872, 0)","(188.02810411841995, 133.778374346929, 0)"
"(38.82133464314106, 9.944753795636245, 0)","(12.593904320679723, 102.31665815680843, 0)","(177.1896900039133, 43.26833552819628, 0)","(18.815099716247982, 7.10034721967148, 0)","(193.39678230152188, 10.108104430882948, 0)","(190.38545267491713, 121.44728346176838, 0)","(178.28074721271327, 131.939673221771, 0)","(41.77679948890776, 130.72909840444032, 0)","(127.02188495542997, 6.553556354911396, 0)","(198.16774745859672, 127.32234128279705, 0)","(95.20626616406874, 69.03488114594904, 0)","(37.69241921705433, 106.5835758081007, 0)","(160.23045723966771, 36.71177774238309, 0)","(84.14751288057087, 144.21630848265977, 0)","(192.400360758264, 156.39822904423764, 0)","(55.73917240289539, 19.987260573847287, 0)","(87.46025215812205, 183.6098804590152, 0)","(186.0999454426298, 190.1652521809635, 0)","(174.70264959336492, 166.2688824886224, 0)","(194.76184432132553, 132.5164533259683, 0)"
"(20.654226257580266, 4.799811865063776, 0)","(18.991913510941274, 86.95148300328991, 0)","(148.3095846992684, 39.94715933172064, 0)","(19.914424572456106, 8.292258270804561, 0)","(195.3548430263078, 11.813336879297388, 0)","(190.64735110594384, 122.9583497642034, 0)","(173.33032376977366, 133.94168930820757, 0)","(34.30950198395137, 124.84416607112811, 0)","(126.62520621631758, 1.2279323722192412, 0)","(197.79547272941693, 127.55877119441925, 0)","(96.44658684555743, 72.89070037927287, 0)","(25.23183170031244, 97.55232086354833, 0)","(155.99887220156958, 38.66702810352918, 0)","(85.03087120392843, 142.17326844939691, 0)","(195.3310484324087, 143.4351972635397, 0)","(54.65901386271041, 18.817182619827616, 0)","(103.98867360065654, 178.44782950902348, 0)","(183.8885261734827, 196.39852121532306, 0)","(182.36599984890395, 170.91870621682563, 0)","(194.40543805190177, 132.7780983636941, 0)"
"(45.11823084511032, 6.1847181899104715, 0)","(20.26578953291934, 84.08554691954181, 0)","(147.40583426767293, 38.56635429282387, 0)","(19.561238830812286, 7.058461937901873, 0)","(199.85243633648253, 22.1150158122066, 0)","(173.27106157199236, 125.35374065503062, 0)","(173.0038271360435, 125.47764121760989, 0)","(37.33714406532555, 139.2554296462011, 0)","(132.4195130892235, 5.315485825624263, 0)","(191.6960537419304, 122.88988951148944, 0)","(90.83663944236713, 73.16568514611873, 0)","(10.398966087339188, 85.95510904757492, 0)","(154.78189772432867, 40.64996729938608, 0)","(79.84698124479195, 145.97810532916273, 0)","(199.31380310290476, 145.00231316639906, 0)","(68.56225749825325, 13.007363829983994, 0)","(101.59626025278635, 187.760453678927, 0)","(182.59559231538174, 194.47231883659364, 0)","(190.2127804177951, 179.15599624397342, 0)","(197.21291862969898, 129.07067140226383, 0)"
"(49.192686079839596, 8.036171614522246, 0)","(11.631933738981552, 98.45979302695443, 0)","(165.39916781454681, 35.80715039750306, 0)","(24.904946425344562, 8.960884618555031, 0)","(183.44220974075014, 35.43949493910105, 0)","(183.86337503185547, 148.00042456972542, 0)","(179.8910478287774, 127.53435557626912, 0)","(51.801038504236416, 148.30762956353314, 0)","(123.49308346599693, 26.44774932216233, 0)","(190.77872277472238, 123.84379755530419, 0)","(90.2346071837573, 73.44352881717835, 0)","(11.730261484538568, 86.8103415632513, 0)","(154.2610139455011, 37.17395626048045, 0)","(80.32217867662406, 145.76727203215094, 0)","(195.28304178191638, 148.01198405025386, 0)","(47.789957616548165, 29.956962533366184, 0)","(109.25171489617803, 184.23631264938612, 0)","(182.78137985964793, 196.22495681069591, 0)","(197.3709798151307, 185.72726688676678, 0)","(197.9786044711336, 128.14583978656208, 0)"
"(35.73148037809051, 12.049363307366887, 0)","(31.814709622562365, 114.49419665279287, 0)","(166.15042545258834, 34.133590528225426, 0)","(0.7745025088141944, 6.38245187802157, 0)","(189.45215659242402, 42.61839216493496, 0)","(198.89327755908218, 134.15453246511672, 0)","(187.12318492360714, 134.06509058767034, 0)","(26.240674386246802, 139.95308291663966, 0)","(119.15046348871329, 33.28527625075577, 0)","(192.4982609873643, 143.9344783806037, 0)","(85.11357416517994, 71.22703327413159, 0)","(25.007652386879432, 84.40125351236509, 0)","(144.44003536214495, 12.62509698813453, 0)","(78.93917968579711, 144.4050859620343, 0)","(197.1382473562449, 150.66427086387594, 0)","(47.40177557072318, 30.680388171797308, 0)","(127.1604097284222, 198.7601697267613, 0)","(184.84453712265008, 169.59155966872956, 0)","(197.01137115412507, 170.96948748761463, 0)","(176.368160751711, 118.67429318248989, 0)"
"(42.282616554134776, 26.86187952908346, 0)","(35.490665903192365, 130.33576825030138, 0)","(143.4212800406726, 40.14535420944652, 0)","(0.8393170577644565, 6.477393108407177, 0)","(190.99423203696202, 64.52972301693353, 0)","(189.13198433078432, 121.28487561333445, 0)","(185.58152960586256, 144.21139053672502, 0)","(19.785863997528228, 145.87200923038765, 0)","(109.76063672694406, 44.8889467466662, 0)","(182.02703046971493, 122.60952369231109, 0)","(95.39418465326604, 60.925703128648586, 0)","(27.42327274290682, 83.89862977181508, 0)","(150.72037579199718, 19.54521574140766, 0)","(88.28557902116049, 143.8999451771109, 0)","(182.26817593037927, 134.74221043833134, 0)","(33.31482292744, 55.537810935639484, 0)","(136.33210581875943, 194.27354621347186, 0)","(189.18238536503486, 182.6399607520936, 0)","(189.28574278670663, 159.9951279955505, 0)","(162.2238458281796, 110.21244448116855, 0)"
"(40.63796556284332, 8.986272994383086, 0)","(27.673105686699365, 116.95346499665055, 0)","(142.5727484894921, 41.21722339951628, 0)","(18.80369881214687, 9.382968352336517, 0)","(195.19661126517528, 52.376370862770514, 0)","(185.76946582780522, 122.03303747476457, 0)","(191.83946887879645, 147.7293664657218, 0)","(6.792370819071211, 161.59724566795018, 0)","(110.26607294169588, 45.81516506317431, 0)","(189.06771595795172, 108.20291614119175, 0)","(94.10378752043256, 60.263853234510904, 0)","(34.7550386505094, 96.86589659143527, 0)","(151.9625512750692, 23.288718455968585, 0)","(82.47788363578059, 145.51597421969024, 0)","(182.39985470928423, 140.0941889710912, 0)","(10.132936868920545, 73.81875698476847, 0)","(133.92239831473609, 197.9245374118199, 0)","(187.26819713697373, 180.12380993177217, 0)","(185.067074418179, 180.18233209643105, 0)","(163.49212919706028, 95.43047218444019, 0)"
"(35.239185018132, 10.034599887109891, 0)","(29.773686976297924, 114.68902868147934, 0)","(144.3048616479189, 41.50919319598938, 0)","(14.665513542258873, 10.45286009329644, 0)","(192.380147291258, 52.142252245558105, 0)","(186.35123811120616, 124.7312291752992, 0)","(189.796232148471, 143.42543150224037, 0)","(0.14360234746162348, 160.07152411785052, 0)","(109.13743104658919, 45.11705559791441, 0)","(176.75983777170256, 103.25506624055225, 0)","(81.47906205992464, 74.98113358676778, 0)","(28.92641827908626, 94.8859362505422, 0)","(152.92727149071862, 23.191504732228744, 0)","(82.89319661522978, 142.66512094286057, 0)","(198.95649847276212, 127.90973893194845, 0)","(22.86811635236711, 100.524331155827, 0)","(135.66984541090355, 188.6617886980674, 0)","(192.47774104092315, 179.24918395875918, 0)","(185.306303214217, 165.04463793335088, 0)","(183.0798301072425, 83.51045685139344, 0)"
"(37.07474593812208, 36.058210268423025, 0)","(4.3005051440485325, 99.06051784570509, 0)","(145.97202545928133, 46.96106815057544, 0)","(10.14861135386029, 16.819061229049556, 0)","(195.56911955368207, 62.096848490946385, 0)","(193.72415031768534, 129.43909423654566, 0)","(179.4983496942911, 148.47009086514203, 0)","(17.770114527399492, 146.01561693962086, 0)","(105.56515858858522, 44.031692999537036, 0)","(175.82013272818935, 104.14507112262943, 0)","(76.6156544925085, 86.51654404772543, 0)","(5.809060364840054, 101.61833010547701, 0)","(148.10407754007613, 27.10144218246884, 0)","(84.28277706309319, 142.1708823966068, 0)","(199.3187821251828, 127.47920132738457, 0)","(19.86928626146508, 103.00881703087373, 0)","(135.33540423746715, 188.79912740891254, 0)","(192.12659403616638, 179.35537812024512, 0)","(180.13499399251427, 172.1071802442087, 0)","(182.18452815354232, 79.62795362651248, 0)"
